Sample,x,y
1,0,10.514465
1,1.38,8.921265
1,2.76,7.363998
1,4.14,5.815948
1,5.52,4.498947
1,6.9,3.571121
1,8.28,2.877502
1,9.66,2.273254
1,11.04,-3.458122
1,12.42,-9.318401
1,13.8,-15.986427
1,15.18,-25.007843
1,16.56,-32.544712
1,17.94,-38.501339
1,19.32,-42.237278
1,20.7,-47.592392
1,22.08,-47.45063
1,23.46,-47.259529
1,24.84,-47.001068
1,26.22,-46.653591
1,27.6,-46.231541
1,28.98,-45.780857
1,30.36,-45.375496
1,31.74,-45.057133
1,33.12,-44.794643
1,34.5,-44.541977
1,35.88,-44.260368
1,37.26,-43.935616
1,38.64,-43.568546
1,40.02,-43.166622
1,41.4,-42.731842
1,42.78,-42.272728
1,44.16,-41.828823
1,45.54,-41.480354
1,46.92,-41.309456
1,48.3,-41.369423
1,49.68,-41.684296
1,51.06,-42.217758
1,52.44,-42.846153
1,53.82,-40.494873
1,55.2,-39.089714
1,56.58,-38.365425
1,57.96,-34.856487
1,59.34,-31.275154
1,60.72,-28.363638
1,62.1,-25.766977
1,63.48,-22.326904
1,64.86,-22.197594
1,66.24,-22.582081
1,67.62,-23.518368
1,69,-24.881348
1,70.38,-26.506386
1,71.76,-28.291004
1,73.14,-30.284981
1,74.52,-32.47501
1,75.9,-34.448078
1,77.28,-35.767525
1,78.66,-36.538372
1,80.04,-37.050686
1,81.42,-37.445976
1,82.8,-37.854
1,84.18,-38.442345
1,85.56,-39.353149
1,86.94,-40.36631
1,88.32,-41.406231
1,89.7,-42.6978
1,91.08,-44.098312
1,92.46,-45.16613
1,93.84,-45.732399
1,95.22,-46.005676
1,96.6,-46.145947
1,97.98,-46.222046
1,99.36,-46.266262
1,100.74,-46.292877
1,102.12,-46.305977
1,103.5,-46.304665
1,104.88,-46.291481
1,106.26,-46.278091
1,107.64,-46.277344
1,109.02,-46.289207
1,110.4,-46.298798
1,111.78,-46.288857
1,113.16,-46.251053
1,114.54,-46.183685
1,115.92,-46.077057
1,117.3,-45.888206
1,118.68,-45.446159
1,120.06,-43.955719
1,121.44,-41.978394
1,122.82,-39.274529
1,124.2,-35.977142
1,125.58,-34.182682
1,126.96,-33.135818
1,128.34,-32.200054
1,129.72,-31.342651
1,131.1,-30.62851
1,132.48,-30.108231
1,133.86,-29.76173
1,135.24,-29.534416
1,136.62,-29.387157
1,138,-29.299412
1,139.38,-29.258671
1,140.76,-29.258629
1,142.14,-29.307396
1,143.52,-29.432217
1,144.9,-29.678135
1,146.28,-30.086243
1,147.66,-30.741932
1,149.04,-33.216499
1,150.42,-35.491154
1,151.8,-37.91172
1,153.18,-40.514671
1,154.56,-42.981583
1,155.94,-45.09177
1,157.32,-47.067417
1,158.7,-47.244125
1,160.08,-45.662666
1,161.46,-42.217461
1,162.84,-39.065308
1,164.22,-36.866417
1,165.6,-35.350079
1,166.98,-34.404774
1,168.36,-33.413738
1,169.74,-31.77577
1,171.12,-29.206472
1,172.5,-25.220449
1,173.88,-17.587605
1,175.26,-15.514065
1,176.64,-18.292137
1,178.02,-17.528133
1,179.4,-13.646152
1,180.78,-7.481854
1,182.16,-1.451472
1,183.54,2.659146
1,184.92,6.132392
1,186.3,9.195499
1,187.68,13.056976
1,189.06,18.194296
1,190.44,24.613518
1,191.82,31.961409
1,193.2,39.820389
1,194.58,46.704208
1,195.96,53.192902
1,197.34,57.715679
1,198.72,61.426914
1,200.1,65.293526
1,201.48,68.339882
1,202.86,71.227295
1,204.24,71.56076
1,205.62,69.759323
1,207,67.039215
1,208.38,62.696857
1,209.76,59.382481
1,211.14,55.631683
1,212.52,52.079605
1,213.9,47.14378
1,215.28,40.213638
1,216.66,31.402405
1,218.04,23.192301
1,219.42,14.715264
1,220.8,6.665253
1,222.18,6.083839
1,223.56,5.443512
1,224.94,4.790695
1,226.32,4.225861
1,227.7,3.821594
1,229.08,3.554565
1,230.46,3.388084
1,231.84,3.28344
1,233.22,3.210556
1,234.6,3.146706
1,235.98,3.065826
1,237.36,2.923615
1,238.74,2.626358
1,240.12,1.911087
1,241.5,-0.309532
1,242.88,-2.864883
1,244.26,-5.636581
1,245.64,-8.957664
1,247.02,-11.032494
1,248.4,-12.293259
1,249.78,-13.273888
1,251.16,-14.073475
1,252.54,-14.667633
1,253.92,-5.830881
1,255.3,2.364085
1,256.68,13.156835
1,258.06,23.804377
1,259.44,31.891409
1,260.82,38.178055
1,262.2,43.248814
1,263.58,49.80687
1,264.96,48.816811
1,266.34,47.602631
1,267.72,46.110344
1,269.1,45.251198
1,270.48,44.933365
1,271.86,44.812096
1,273.24,44.770882
1,274.62,44.766266
1,276,44.777412
1,277.38,44.794792
1,278.76,36.91526
1,280.14,32.556961
1,281.52,20.054489
1,282.9,12.78927
1,284.28,6.028481
1,285.66,5.378143
1,287.04,5.040298
1,288.42,4.841248
1,289.8,4.715744
1,291.18,4.646896
1,292.56,4.643906
1,293.94,4.731689
1,295.32,4.94207
1,296.7,5.309036
1,298.08,5.862389
1,299.46,6.512497
1,300.84,7.103226
1,302.22,7.531647
1,303.6,7.707565
1,304.98,7.625099
1,306.36,18.830311
1,307.74,26.558115
1,309.12,32.92104
1,310.5,37.636631
1,311.88,41.855942
1,313.26,46.114281
1,314.64,49.57019
1,316.02,51.80526
1,317.4,53.940372
1,318.78,56.292927
1,320.16,57.775784
1,321.54,58.36507
1,322.92,57.843033
1,324.3,56.441013
1,325.68,54.445374
1,327.06,52.260654
1,328.44,50.230423
1,329.82,47.696175
1,331.2,44.276947
1,332.58,44.092049
1,333.96,43.987534
1,335.34,43.922974
1,336.72,37.136322
1,338.1,30.883467
1,339.48,25.124182
1,340.86,18.540287
1,342.24,11.062172
1,343.62,10.757507
1,345,10.421852
1,346.38,10.037277
1,347.76,9.576904
1,349.14,8.974838
1,350.52,8.100601
1,351.9,6.749992
1,353.28,4.68692
1,354.66,2.349625
1,356.04,0.615295
1,357.42,-3.750887
1,358.8,-9.734731
1,360.18,-15.814919
1,361.56,-21.149076
1,362.94,-25.803719
1,364.32,-33.49678
1,365.7,-33.606373
1,367.08,-33.688438
1,368.46,-33.751816
1,369.84,-33.798569
1,371.22,-33.832268
1,372.6,-33.859325
1,373.98,-33.884796
1,375.36,-33.911072
1,376.74,-33.941498
1,378.12,-33.98505
1,379.5,-38.52454
1,380.88,-41.425076
1,382.26,-45.405632
1,383.64,-48.810226
1,385.02,-52.276325
1,386.4,-56.033752
1,387.78,-56.125782
1,389.16,-56.128784
1,390.54,-55.780273
1,391.92,-52.959431
1,393.3,-49.568844
1,394.68,-45.779694
1,396.06,-45.255207
1,397.44,-45.129051
1,398.82,-45.168221
1,400.2,-45.321091
1,401.58,-45.573334
1,402.96,-45.930984
1,404.34,-46.382027
1,405.72,-46.855118
1,407.1,-47.258209
1,408.48,-47.49926
1,409.86,-47.530533
1,411.24,-47.327042
1,412.62,-46.900059
1,414,-46.318878
1,415.38,-45.646702
1,416.76,-44.957008
1,418.14,-44.382622
1,419.52,-44.007004
1,420.9,-43.841217
1,422.28,-43.853325
1,423.66,-44.035053
1,425.04,-44.417862
1,426.42,-45.040939
1,427.8,-45.84613
1,429.18,-46.67955
1,430.56,-47.426033
1,431.94,-47.930084
1,433.32,-48.14418
1,434.7,-48.16275
1,436.08,-48.108269
1,437.46,-48.058823
1,438.84,-48.043705
1,440.22,-48.041771
1,441.6,-47.98177
1,442.98,-45.466339
1,444.36,-43.642429
1,445.74,-41.682423
1,447.12,-39.332306
1,448.5,-35.692852
1,449.88,-34.842194
1,451.26,-34.360085
1,452.64,-34.076614
1,454.02,-33.899818
1,455.4,-33.773659
1,456.78,-33.661598
1,458.16,-33.544094
1,459.54,-33.421062
1,460.92,-33.300201
1,462.3,-33.183731
1,463.68,-33.06715
1,465.06,-32.949093
1,466.44,-32.837273
1,467.82,-32.747692
1,469.2,-36.610924
1,470.58,-38.311634
1,471.96,-39.415508
1,473.34,-39.920288
1,474.72,-40.913696
1,476.1,-41.802975
1,477.48,-42.955208
1,478.86,-43.050545
1,480.24,-42.890766
1,481.62,-40.431881
1,483,-41.0723
1,484.38,-41.350838
1,485.76,-41.402016
1,487.14,-41.309124
1,488.52,-41.133656
1,489.9,-40.942673
1,491.28,-40.835941
1,492.66,-40.983299
1,494.04,-41.79512
1,495.42,-45.238518
1,496.8,-46.97641
1,498.18,-51.088623
1,499.56,-53.298092
1,500.94,-54.1633
1,502.32,-52.691544
1,503.7,-50.537094
1,505.08,-47.147903
1,506.46,-43.219315
1,507.84,-38.719044
1,509.22,-34.919209
1,510.6,-30.845114
1,511.98,-27.242935
1,513.36,-23.404169
1,514.74,-20.394819
1,516.12,-16.362135
1,517.5,-12.975638
1,518.88,-8.970226
1,520.26,-5.037924
1,521.64,-0.54711
1,523.02,2.092352
1,524.4,1.931839
1,525.78,1.581318
1,527.16,5.561232
1,528.54,11.61445
1,529.92,18.62454
1,531.3,24.422218
1,532.68,30.565403
1,534.06,35.349125
1,535.44,37.752644
1,536.82,38.821205
1,538.2,39.187149
1,539.58,40.624847
1,540.96,40.319138
1,542.34,39.884415
1,543.72,39.435043
1,545.1,39.023933
1,546.48,38.65905
1,547.86,38.334015
1,549.24,38.04776
1,550.62,37.798073
1,552,37.588371
1,553.38,37.434639
1,554.76,37.356346
1,556.14,37.373138
1,557.52,37.506882
1,558.9,37.787018
1,560.28,38.236137
1,561.66,38.858246
1,563.04,39.620041
1,564.42,40.471687
1,565.8,41.388504
1,567.18,42.293762
1,568.56,43.104866
1,569.94,43.877945
1,571.32,44.692924
1,572.7,45.522148
1,574.08,46.234474
1,575.46,46.781265
1,576.84,47.113937
1,578.22,47.247192
1,579.6,47.231567
1,580.98,47.120438
1,582.36,46.962082
1,583.74,46.798882
1,585.12,46.667297
1,586.5,46.596397
1,587.88,46.608582
1,589.26,23.855307
1,590.64,13.387016
1,592.02,5.83882
1,593.4,1.304368
1,594.78,-11.24646
1,596.16,-16.650616
1,597.54,-13.894113
1,598.92,-23.421848
1,600.3,-23.228828
1,601.68,-25.895153
1,603.06,-28.82914
1,604.44,-28.465664
1,605.82,-23.139315
1,607.2,-18.630604
1,608.58,-13.791061
1,609.96,-8.057613
1,611.34,-0.912476
1,612.72,-1.063934
1,614.1,-1.190666
1,615.48,-1.277573
1,616.86,-1.316597
1,618.24,-1.290779
1,619.62,-1.166794
1,621,-3.314772
1,622.38,-4.982272
1,623.76,-6.368602
1,625.14,-8.875886
1,626.52,-11.825369
1,627.9,-15.359558
1,629.28,-18.676439
1,630.66,-22.656242
1,632.04,-27.297241
1,633.42,-32.433865
1,634.8,-36.957367
1,636.18,-41.011242
1,637.56,-44.296955
1,638.94,-47.252834
1,640.32,-49.488884
1,641.7,-48.613468
1,643.08,-47.717934
1,644.46,-46.768555
1,645.84,-45.916683
1,647.22,-45.129997
1,648.6,-44.418568
1,649.98,-43.822639
1,651.36,-43.308331
1,652.74,-42.88446
1,654.12,-42.51815
1,655.5,-42.181587
1,656.88,-41.870449
1,658.26,-41.589073
1,659.64,-41.342964
1,661.02,-41.142147
1,662.4,-40.983318
1,663.78,-40.85532
1,665.16,-40.734161
1,666.54,-40.579834
1,667.92,-40.338329
1,669.3,-39.954094
1,670.68,-39.41296
1,672.06,-38.7486
1,673.44,-38.06311
1,674.82,-37.484535
1,676.2,-37.07943
1,677.58,-36.811508
1,678.96,-36.595673
1,680.34,-36.361938
1,681.72,-36.066643
1,683.1,-35.701935
1,684.48,-35.291553
1,685.86,-34.884224
1,687.24,-34.528217
1,688.62,-34.258732
1,690,-34.088406
1,691.38,-34.014198
1,692.76,-34.026962
1,694.14,-34.117146
1,695.52,-34.264927
1,696.9,-34.44146
1,698.28,-34.610535
1,699.66,-34.732071
1,701.04,-34.77948
1,702.42,-34.759365
1,703.8,-34.702988
1,705.18,-34.639957
1,706.56,-34.579861
1,707.94,-34.503784
1,709.32,-34.354904
1,710.7,-34.041061
1,712.08,-33.470402
1,713.46,-32.671783
1,714.84,-31.797245
1,716.22,-31.054165
1,717.6,-30.58728
1,718.98,-30.365307
1,720.36,-30.276085
1,721.74,-30.244526
1,723.12,-30.229691
1,724.5,-30.202091
1,725.88,-30.137863
1,727.26,-30.021843
1,728.64,-30.775448
1,730.02,-31.586077
1,731.4,-32.676094
1,732.78,-33.529156
1,734.16,-34.183216
1,735.54,-34.430435
1,736.92,-34.282333
1,738.3,-34.002079
1,739.68,-33.507599
1,741.06,-32.810207
1,742.44,-31.882744
1,743.82,-30.939135
1,745.2,-30.015238
1,746.58,-29.243198
1,747.96,-28.362633
1,749.34,-27.578987
1,750.72,-26.867611
1,752.1,-26.367397
1,753.48,-25.76804
1,754.86,-25.273659
1,756.24,-23.206739
1,757.62,-21.342276
1,759,-19.28826
1,760.38,-18.775761
1,761.76,-18.116594
1,763.14,-17.578362
1,764.52,-16.986111
1,765.9,-16.416286
1,767.28,-15.307285
1,768.66,-15.236832
1,770.04,-15.17057
1,771.42,-15.095814
1,772.8,-15.003487
1,774.18,-14.878777
1,775.56,-14.696941
1,776.94,-14.135431
1,778.32,-10.488019
1,779.7,-7.332232
1,781.08,-5.943199
1,782.46,0.700683
1,783.84,7.526282
1,785.22,15.314045
1,786.6,21.034435
1,787.98,29.960745
1,789.36,39.684284
1,790.74,46.495251
1,792.12,51.215134
1,793.5,55.637859
1,794.88,61.238804
1,796.26,66.699364
1,797.64,71.565666
1,799.02,74.479546
1,800.4,75.777702
1,801.78,78.056717
1,803.16,81.592216
1,804.54,85.807129
1,805.92,89.344635
1,807.3,89.559937
1,808.68,89.672165
1,810.06,89.521255
1,811.44,88.605759
1,812.82,87.00647
1,814.2,85.46199
1,815.58,82.994095
1,816.96,80.796387
1,818.34,79.919907
1,819.72,79.434296
1,821.1,79.073715
1,822.48,73.201195
1,823.86,67.875885
1,825.24,61.732376
1,826.62,60.041939
1,828,57.622375
1,829.38,54.381989
1,830.76,54.661118
1,832.14,54.887009
1,833.52,55.054001
1,834.9,55.160614
1,836.28,55.203384
1,837.66,47.328148
1,839.04,40.54575
1,840.42,34.8041
1,841.8,31.406542
1,843.18,29.442291
1,844.56,29.877794
1,845.94,29.038618
1,847.32,27.803123
1,848.7,27.798035
1,850.08,27.752007
1,851.46,27.686371
1,852.84,27.622482
1,854.22,27.591499
1,855.6,27.642563
1,856.98,27.84182
1,858.36,28.267624
1,859.74,29.031067
1,861.12,30.139107
1,862.5,31.436417
1,863.88,32.778122
1,865.26,33.895554
1,866.64,34.65284
1,868.02,35.114548
1,869.4,35.36898
1,870.78,35.441727
1,872.16,35.330185
1,873.54,35.078209
1,874.92,34.781662
1,876.3,34.504608
1,877.68,34.308365
1,879.06,34.23024
1,880.44,34.243301
1,881.82,34.303009
1,883.2,34.378944
1,884.58,34.453293
1,885.96,34.519333
1,887.34,34.580116
1,888.72,34.642372
1,890.1,34.71077
1,891.48,34.786499
1,892.86,34.867577
1,894.24,34.950783
1,895.62,35.03656
1,897,16.842258
1,898.38,3.644105
1,899.76,-8.109514
1,901.14,-20.767368
1,902.52,-23.679178
1,903.9,-23.828463
1,905.28,-16.263388
1,906.66,-12.276997
1,908.04,16.746172
1,909.42,40.102345
1,910.8,60.353664
1,912.18,84.844055
1,913.56,85.065369
1,914.94,85.213364
1,916.32,85.296188
1,917.7,85.316605
1,919.08,85.274353
1,920.46,85.160492
1,921.84,80.140411
1,923.22,78.343292
1,924.6,72.037857
1,925.98,69.566246
1,927.36,64.378677
1,928.74,62.92012
1,930.12,61.38327
1,931.5,60.260071
1,932.88,59.513733
1,934.26,53.201618
1,935.64,44.623665
1,937.02,36.295143
1,938.4,26.450203
1,939.78,20.903
1,941.16,16.195183
1,942.54,9.089142
1,943.92,9.118721
1,945.3,9.123009
1,946.68,9.06752
1,948.06,8.902206
1,949.44,8.547539
1,950.82,7.904526
1,952.2,6.958038
1,953.58,5.859299
1,954.96,4.803696
1,956.34,3.927299
1,957.72,3.140648
1,959.1,2.012474
1,960.48,0.259094
1,961.86,-1.257477
1,963.24,-4.372627
1,964.62,-6.899055
1,966,-8.006126
1,967.38,-8.612122
1,968.76,-9.073715
1,970.14,-9.516502
1,971.52,-10.00634
1,972.9,-11.463109
1,974.28,-12.863082
1,975.66,-14.256551
1,977.04,-15.567052
1,978.42,-16.606573
1,979.8,-17.885159
1,981.18,-19.411924
1,982.56,-21.582581
1,983.94,-23.616194
1,985.32,-25.809174
1,986.7,-27.595631
1,988.08,-29.704227
1,989.46,-31.642185
1,990.84,-33.617191
1,992.22,-35.459427
1,993.6,-37.656033
1,994.98,-40.489914
1,996.36,-43.297508
1,997.74,-45.848064
1,999.12,-47.860298
1,1000.5,-49.585159
1,1001.88,-51.048218
1,1003.26,-52.346481
1,1004.64,-53.756741
1,1006.02,-55.144596
1,1007.4,-56.296875
1,1008.78,-57.370178
1,1010.16,-58.268024
1,1011.54,-58.95364
1,1012.92,-59.01321
1,1014.3,-58.674614
1,1015.68,-58.286728
1,1017.06,-58.083862
1,1018.44,-55.54459
1,1019.82,-54.459324
1,1021.2,-53.888824
1,1022.58,-53.472488
1,1023.96,-53.09383
1,1025.34,-52.709549
1,1026.72,-52.298576
1,1028.1,-51.841351
1,1029.48,-51.310226
1,1030.86,-50.656242
1,1032.24,-49.838089
1,1033.62,-48.806885
1,1035,-47.523254
1,1036.38,-45.95578
1,1037.76,-44.215546
1,1039.14,-42.325592
1,1040.52,-40.179092
1,1041.9,-37.481281
1,1043.28,-35.08979
1,1044.66,-33.233257
1,1046.04,-32.529091
1,1047.42,-32.308319
1,1048.8,-32.379761
1,1050.18,-32.745502
1,1051.56,-34.990524
1,1052.94,-36.751793
1,1054.32,-37.800247
1,1055.7,-40.042412
1,1057.08,-42.926277
1,1058.46,-45.470772
1,1059.84,-46.500397
1,1061.22,-47.354111
1,1062.6,-48.107384
1,1063.98,-48.754128
1,1065.36,-49.319229
1,1066.74,-49.861183
1,1068.12,-50.405441
1,1069.5,-50.94804
1,1070.88,-51.451656
1,1072.26,-51.90036
1,1073.64,-52.310394
1,1075.02,-52.756409
1,1076.4,-53.323475
1,1077.78,-54.151131
1,1079.16,-55.205593
1,1080.54,-56.445229
1,1081.92,-57.779846
1,1083.3,-58.883598
1,1084.68,-59.575428
1,1086.06,-59.953373
1,1087.44,-54.774998
1,1088.82,-53.58947
1,1090.2,-50.195358
1,1091.58,-48.345577
1,1092.96,-46.275967
1,1094.34,-41.956528
1,1095.72,-41.992363
1,1097.1,-42.037014
1,1098.48,-42.088837
1,1099.86,-42.142303
1,1101.24,-42.197178
1,1102.62,-42.264065
1,1104,-42.363865
1,1105.38,-42.525932
1,1106.76,-42.789223
1,1108.14,-43.232319
1,1109.52,-43.997887
1,1110.9,-39.160141
1,1112.28,-34.509762
1,1113.66,-28.867706
1,1115.04,-23.830948
1,1116.42,-19.062111
1,1117.8,-15.353031
1,1119.18,-10.485117
1,1120.56,-2.309174
1,1121.94,5.125219
1,1123.32,11.982755
1,1124.7,15.066971
1,1126.08,19.45719
1,1127.46,23.577656
1,1128.84,27.638397
1,1130.22,30.268791
1,1131.6,32.856258
1,1132.98,35.915085
1,1134.36,35.916786
1,1135.74,35.916885
1,1137.12,35.940826
1,1138.5,35.994835
1,1139.88,36.085854
1,1141.26,36.234222
1,1142.64,36.470245
1,1144.02,36.822784
1,1145.4,37.285591
1,1146.78,37.803116
1,1148.16,38.295448
1,1149.54,38.655228
1,1150.92,38.764824
1,1152.3,38.593864
1,1153.68,38.172432
1,1155.06,37.556725
1,1156.44,36.836647
1,1157.82,36.149597
1,1159.2,35.574356
1,1160.58,35.136314
1,1161.96,34.818199
1,1163.34,34.581329
1,1164.72,36.477505
1,1166.1,37.629288
1,1167.48,38.557877
2,0,-10.86657
2,1.38,-9.695122
2,2.76,-8.356316
2,4.14,-12.710442
2,5.52,-14.29068
2,6.9,-20.967997
2,8.28,-31.097792
2,9.66,-43.195736
2,11.04,-54.509666
2,12.42,-53.723213
2,13.8,-53.338791
2,15.18,-53.219193
2,16.56,-53.336506
2,17.94,-53.701607
2,19.32,-54.314674
2,20.7,-55.118408
2,22.08,-56.036469
2,23.46,-56.964188
2,24.84,-57.79929
2,26.22,-58.469772
2,27.6,-59.026375
2,28.98,-59.637985
2,30.36,-60.521236
2,31.74,-62.117764
2,33.12,-64.413536
2,34.5,-65.96907
2,35.88,-67.13765
2,37.26,-65.60865
2,38.64,-64.658051
2,40.02,-63.140423
2,41.4,-60.637104
2,42.78,-58.348896
2,44.16,-56.857529
2,45.54,-56.174465
2,46.92,-55.145275
2,48.3,-53.78426
2,49.68,-52.438145
2,51.06,-50.136551
2,52.44,-47.31678
2,53.82,-43.823753
2,55.2,-38.763535
2,56.58,-32.400059
2,57.96,-26.153725
2,59.34,-20.804987
2,60.72,-15.307726
2,62.1,-9.84164
2,63.48,-5.70434
2,64.86,-2.892959
2,66.24,-0.459397
2,67.62,1.527828
2,69,4.075958
2,70.38,4.138245
2,71.76,4.248947
2,73.14,4.440842
2,74.52,4.759033
2,75.9,5.300636
2,77.28,6.335403
2,78.66,7.984772
2,80.04,9.644028
2,81.42,10.938339
2,82.8,11.882538
2,84.18,12.517128
2,85.56,13.000198
2,86.94,13.471214
2,88.32,14.05043
2,89.7,14.782646
2,91.08,32.467327
2,92.46,47.536057
2,93.84,61.043972
2,95.22,73.830925
2,96.6,83.977097
2,97.98,90.349289
2,99.36,90.444672
2,100.74,90.533295
2,102.12,90.614548
2,103.5,90.686523
2,104.88,90.751953
2,106.26,90.818619
2,107.64,90.891769
2,109.02,90.971298
2,110.4,91.060059
2,111.78,91.176163
2,113.16,91.346207
2,114.54,91.558929
2,115.92,91.800171
2,117.3,92.157822
2,118.68,92.618439
2,120.06,92.953857
2,121.44,93.02977
2,122.82,92.85939
2,124.2,92.417465
2,125.58,91.586929
2,126.96,90.140656
2,128.34,88.085098
2,129.72,86.335602
2,131.1,85.350922
2,132.48,84.844528
2,133.86,84.550674
2,135.24,84.369797
2,136.62,84.253815
2,138,84.179245
2,139.38,84.130676
2,140.76,84.091415
2,142.14,87.579506
2,143.52,89.635712
2,144.9,91.292847
2,146.28,92.626686
2,147.66,93.952957
2,149.04,94.654388
2,150.42,96.408623
2,151.8,97.968002
2,153.18,97.689491
2,154.56,95.478432
2,155.94,93.00618
2,157.32,91.889191
2,158.7,91.027443
2,160.08,89.866074
2,161.46,89.517975
2,162.84,88.959007
2,164.22,86.837852
2,165.6,82.877457
2,166.98,78.697578
2,168.36,76.419624
2,169.74,75.286171
2,171.12,75.954559
2,172.5,77.787987
2,173.88,80.191315
2,175.26,83.236633
2,176.64,86.349449
2,178.02,89.726143
2,179.4,92.483063
2,180.78,94.551414
2,182.16,95.447418
2,183.54,95.398735
2,184.92,95.07106
2,186.3,94.828827
2,187.68,94.637459
2,189.06,94.381187
2,190.44,94.884369
2,191.82,94.299133
2,193.2,93.948059
2,194.58,93.739944
2,195.96,88.382538
2,197.34,83.210785
2,198.72,77.96933
2,200.1,74.289307
2,201.48,68.625542
2,202.86,64.453918
2,204.24,64.217926
2,205.62,63.941254
2,207,63.504913
2,208.38,61.641068
2,209.76,58.943024
2,211.14,54.292679
2,212.52,52.296631
2,213.9,49.865082
2,215.28,49.383179
2,216.66,49.112328
2,218.04,48.856468
2,219.42,48.55542
2,220.8,48.212448
2,222.18,47.85479
2,223.56,47.541954
2,224.94,47.359985
2,226.32,36.879013
2,227.7,26.146881
2,229.08,5.708794
2,230.46,-4.249785
2,231.84,-14.395496
2,233.22,-14.005821
2,234.6,-13.699177
2,235.98,-13.459229
2,237.36,-13.233879
2,238.74,-12.973301
2,240.12,-12.631027
2,241.5,-12.146626
2,242.88,-11.470093
2,244.26,-10.54467
2,245.64,-9.439728
2,247.02,-8.32885
2,248.4,-7.335701
2,249.78,-6.391701
2,251.16,-5.363388
2,252.54,-3.96067
2,253.92,-2.025131
2,255.3,-0.018288
2,256.68,1.674118
2,258.06,3.106056
2,259.44,4.356857
2,260.82,5.500381
2,262.2,6.645599
2,263.58,7.803726
2,264.96,8.844749
2,266.34,9.711853
2,267.72,10.384872
2,269.1,10.913834
2,270.48,11.365982
2,271.86,11.794281
2,273.24,12.216599
2,274.62,12.609009
2,276,12.913116
2,277.38,13.089539
2,278.76,13.129372
2,280.14,13.025955
2,281.52,12.767372
2,282.9,12.313072
2,284.28,11.596184
2,285.66,6.766175
2,287.04,4.307014
2,288.42,-1.542394
2,289.8,-5.319417
2,291.18,-9.539581
2,292.56,-11.058493
2,293.94,-12.091215
2,295.32,-9.97476
2,296.7,-5.150515
2,298.08,1.080951
2,299.46,8.267924
2,300.84,16.859388
2,302.22,26.637264
2,303.6,35.30991
2,304.98,47.794624
2,306.36,47.875801
2,307.74,48.080788
2,309.12,48.511574
2,310.5,49.241013
2,311.88,50.0299
2,313.26,50.765556
2,314.64,51.522179
2,316.02,52.328873
2,317.4,53.089966
2,318.78,53.709396
2,320.16,54.191376
2,321.54,54.50206
2,322.92,54.658478
2,324.3,54.705963
2,325.68,54.655579
2,327.06,54.545166
2,328.44,54.392548
2,329.82,53.551922
2,331.2,52.812859
2,332.58,52.052917
2,333.96,51.423561
2,335.34,50.679829
2,336.72,49.866081
2,338.1,49.188217
2,339.48,48.541805
2,340.86,47.984554
2,342.24,47.395626
2,343.62,46.966263
2,345,46.506729
2,346.38,46.081734
2,347.76,45.416153
2,349.14,44.691849
2,350.52,43.950264
2,351.9,43.337128
2,353.28,42.829098
2,354.66,42.231796
2,356.04,41.66713
2,357.42,41.132545
2,358.8,40.685215
2,360.18,40.44313
2,361.56,40.189991
2,362.94,39.926956
2,364.32,39.581619
2,365.7,39.313835
2,367.08,39.121197
2,368.46,38.801056
2,369.84,38.520447
2,371.22,38.157578
2,372.6,38.119675
2,373.98,38.063854
2,375.36,37.793701
2,376.74,37.761253
2,378.12,37.814156
2,379.5,37.907623
2,380.88,38.015472
2,382.26,38.102982
2,383.64,38.112465
2,385.02,46.760918
2,386.4,55.401447
2,387.78,65.734535
2,389.16,77.545151
2,390.54,82.612305
2,391.92,88.581734
2,393.3,98.35878
2,394.68,98.724243
2,396.06,99.0802
2,397.44,99.391922
2,398.82,99.636551
2,400.2,99.807663
2,401.58,99.907486
2,402.96,99.939423
2,404.34,99.889435
2,405.72,99.694519
2,407.1,99.20578
2,408.48,98.146667
2,409.86,96.351837
2,411.24,94.738297
2,412.62,92.800598
2,414,90.708267
2,415.38,89.067352
2,416.76,87.910782
2,418.14,87.151871
2,419.52,86.508911
2,420.9,85.853058
2,422.28,85.14183
2,423.66,84.239624
2,425.04,82.914337
2,426.42,80.704529
2,427.8,78.974823
2,429.18,77.330078
2,430.56,73.011002
2,431.94,69.85434
2,433.32,64.266304
2,434.7,59.273777
2,436.08,54.384491
2,437.46,53.459595
2,438.84,52.804626
2,440.22,52.297745
2,441.6,51.896072
2,442.98,51.545944
2,444.36,40.377464
2,445.74,32.146076
2,447.12,22.810385
2,448.5,13.009653
2,449.88,5.005903
2,451.26,0.917987
2,452.64,-4.628119
2,454.02,-8.661025
2,455.4,-14.05058
2,456.78,-19.710979
2,458.16,-22.577066
2,459.54,-27.575169
2,460.92,-27.527969
2,462.3,-27.470409
2,463.68,-27.408367
2,465.06,-27.347157
2,466.44,-27.290833
2,467.82,-27.242367
2,469.2,-27.206261
2,470.58,-27.192528
2,471.96,-27.2244
2,473.34,-27.352921
2,474.72,-27.688553
2,476.1,-28.443924
2,477.48,-35.274258
2,478.86,-40.143635
2,480.24,-45.841824
2,481.62,-52.500191
2,483,-55.602581
2,484.38,-60.459225
2,485.76,-59.686501
2,487.14,-58.950241
2,488.52,-58.389587
2,489.9,-58.036217
2,491.28,-57.849308
2,492.66,-57.782986
2,494.04,-57.802238
2,495.42,-57.878216
2,496.8,-57.984833
2,498.18,-58.097969
2,499.56,-58.203724
2,500.94,-58.290222
2,502.32,-58.293831
2,503.7,-58.162186
2,505.08,-57.880455
2,506.46,-57.417992
2,507.84,-56.594826
2,509.22,-54.82753
2,510.6,-53.085972
2,511.98,-50.716064
2,513.36,-49.268997
2,514.74,-47.932659
2,516.12,-47.227554
2,517.5,-47.048393
2,518.88,-47.157845
2,520.26,-47.494881
2,521.64,-48.113358
2,523.02,-49.257607
2,524.4,-51.60067
2,525.78,-54.855431
2,527.16,-56.92688
2,528.54,-58.332809
2,529.92,-58.84816
2,531.3,-58.852478
2,532.68,-58.550594
2,534.06,-57.992825
2,535.44,-57.405022
2,536.82,-57.030674
2,538.2,-56.832932
2,539.58,-56.767548
2,540.96,-56.779579
2,542.34,-56.822815
2,543.72,-56.857422
2,545.1,-56.843414
2,546.48,-56.73735
2,547.86,-56.484322
2,549.24,-56.066566
2,550.62,-55.455856
2,552,-54.603493
2,553.38,-53.440128
2,554.76,-49.55098
2,556.14,-46.034496
2,557.52,-40.963055
2,558.9,-37.517353
2,560.28,-34.492256
2,561.66,-34.132984
2,563.04,-33.96302
2,564.42,-33.887997
2,565.8,-33.87936
2,567.18,-33.925468
2,568.56,-34.00948
2,569.94,-34.106873
2,571.32,-34.19598
2,572.7,-34.268089
2,574.08,-34.327068
2,575.46,-34.380241
2,576.84,-34.430286
2,578.22,-34.472824
2,579.6,-34.498238
2,580.98,-34.495285
2,582.36,-34.450813
2,583.74,-34.345455
2,585.12,-34.151043
2,586.5,-33.81971
2,587.88,-33.188454
2,589.26,-31.847153
2,590.64,-29.832554
2,592.02,-27.395065
2,593.4,-25.077782
2,594.78,-23.277832
2,596.16,-20.929108
2,597.54,-19.607515
2,598.92,-19.161808
2,600.3,-18.737471
2,601.68,-18.448645
2,603.06,-17.769173
2,604.44,-17.336262
2,605.82,-15.490166
2,607.2,-13.410576
2,608.58,-11.564651
2,609.96,-10.20282
2,611.34,-9.332596
2,612.72,-8.789215
2,614.1,-8.441399
2,615.48,-8.202362
2,616.86,-8.023819
2,618.24,-7.887238
2,619.62,-7.792603
2,621,-7.752228
2,622.38,-7.791595
2,623.76,-10.524858
2,625.14,-11.936684
2,626.52,-13.333312
2,627.9,-15.499318
2,629.28,-17.826982
2,630.66,-20.383389
2,632.04,-23.062387
2,633.42,-26.180851
2,634.8,-29.015816
2,636.18,-33.171547
2,637.56,-36.653851
2,638.94,-40.161896
2,640.32,-42.540325
2,641.7,-44.685776
2,643.08,-47.469936
2,644.46,-50.109066
2,645.84,-52.9669
2,647.22,-55.068512
2,648.6,-56.358353
2,649.98,-57.370197
2,651.36,-57.988384
2,652.74,-58.51722
2,654.12,-59.006084
2,655.5,-59.40007
2,656.88,-60.309616
2,658.26,-59.427372
2,659.64,-59.334721
2,661.02,-59.395359
2,662.4,-59.466682
2,663.78,-59.505844
2,665.16,-59.512783
2,666.54,-59.503502
2,667.92,-59.491673
2,669.3,-59.482025
2,670.68,-59.475605
2,672.06,-59.474876
2,673.44,-59.481995
2,674.82,-59.496262
2,676.2,-59.515404
2,677.58,-59.537254
2,678.96,-59.560577
2,680.34,-48.727737
2,681.72,-41.955002
2,683.1,-35.916153
2,684.48,-31.103638
2,685.86,-22.877884
2,687.24,-11.092537
2,688.62,1.91128
2,690,10.611882
2,691.38,17.641815
2,692.76,27.292988
2,694.14,38.829269
2,695.52,51.643047
2,696.9,59.628139
2,698.28,67.305946
2,699.66,71.915527
2,701.04,72.2453
2,702.42,72.560913
2,703.8,75.471703
2,705.18,76.742134
2,706.56,77.794952
2,707.94,78.847107
2,709.32,78.951759
2,710.7,77.732841
2,712.08,74.804657
2,713.46,71.467903
2,714.84,67.66478
2,716.22,65.123779
2,717.6,62.550495
2,718.98,60.336765
2,720.36,57.158344
2,721.74,54.96114
2,723.12,53.566181
2,724.5,53.313694
2,725.88,53.373199
2,727.26,53.813992
2,728.64,54.211731
2,730.02,52.326904
2,731.4,52.08812
2,732.78,51.785278
2,734.16,51.589668
2,735.54,51.531967
2,736.92,51.59552
2,738.3,51.781174
2,739.68,52.157944
2,741.06,55.002701
2,742.44,55.836136
2,743.82,55.89801
2,745.2,55.225021
2,746.58,53.837646
2,747.96,50.58514
2,749.34,47.524521
2,750.72,44.61628
2,752.1,42.196037
2,753.48,39.12188
2,754.86,36.056293
2,756.24,33.973942
2,757.62,32.394638
2,759,30.224709
2,760.38,29.584236
2,761.76,28.944992
2,763.14,28.331108
2,764.52,31.670654
2,765.9,33.605762
2,767.28,34.561558
2,768.66,34.788368
2,770.04,34.602604
2,771.42,34.077755
2,772.8,33.711445
2,774.18,33.055248
2,775.56,32.640179
2,776.94,31.752834
2,778.32,28.212883
2,779.7,28.298767
2,781.08,28.504272
2,782.46,28.880386
2,783.84,29.46637
2,785.22,33.639027
2,786.6,38.688705
2,787.98,44.617336
2,789.36,49.917534
2,790.74,54.188076
2,792.12,57.371155
2,793.5,57.287262
2,794.88,57.178818
2,796.26,57.061569
2,797.64,56.948151
2,799.02,56.851059
2,800.4,56.77948
2,801.78,56.735077
2,803.16,56.709915
2,804.54,56.684158
2,805.92,56.619171
2,807.3,56.463593
2,808.68,56.186661
2,810.06,55.803497
2,811.44,55.365433
2,812.82,54.922501
2,814.2,54.518112
2,815.58,54.193314
2,816.96,54.008926
2,818.34,54.028687
2,819.72,54.245605
2,821.1,54.626999
2,822.48,55.072418
2,823.86,55.46698
2,825.24,55.744568
2,826.62,55.909286
2,828,49.397015
2,829.38,40.898384
2,830.76,30.13328
2,832.14,17.589302
2,833.52,7.912097
2,834.9,-1.74929
2,836.28,-1.534683
2,837.66,-1.240959
2,839.04,-0.885414
2,840.42,-0.477623
2,841.8,-0.051147
2,843.18,0.367599
2,844.56,0.757164
2,845.94,1.097626
2,847.32,1.382965
2,848.7,1.612305
2,850.08,1.795052
2,851.46,1.946556
2,852.84,2.085358
2,854.22,2.227547
2,855.6,2.383179
2,856.98,2.561874
2,858.36,2.780548
2,859.74,3.062897
2,861.12,3.421341
2,862.5,3.872505
2,863.88,4.412407
2,865.26,4.993233
2,866.64,5.565247
2,868.02,6.116814
2,869.4,6.635406
2,870.78,7.115242
2,872.16,7.540283
2,873.54,7.865036
2,874.92,8.051239
2,876.3,8.078354
2,877.68,7.933014
2,879.06,7.616905
2,880.44,7.131294
2,881.82,6.41333
2,883.2,1.684102
2,884.58,-3.16363
2,885.96,-9.433525
2,887.34,-13.121191
2,888.72,-17.692101
2,890.1,-18.04398
2,891.48,-18.321995
2,892.86,-18.578564
2,894.24,-18.809418
2,895.62,-19.007862
2,897,-19.171535
2,898.38,-19.303391
2,899.76,-12.567493
2,901.14,-3.860681
2,902.52,3.28936
2,903.9,17.448086
2,905.28,28.114058
2,906.66,40.068935
2,908.04,50.392311
2,909.42,50.731934
2,910.8,51.087555
2,912.18,51.426331
2,913.56,51.71434
2,914.94,51.932304
2,916.32,52.080772
2,917.7,52.164841
2,919.08,52.188293
2,920.46,52.155693
2,921.84,52.076744
2,923.22,51.968994
2,924.6,51.870148
2,925.98,53.236649
2,927.36,55.779404
2,928.74,57.49258
2,930.12,60.832138
2,931.5,61.397663
2,932.88,62.259563
2,934.26,62.511642
2,935.64,61.708298
2,937.02,60.956909
2,938.4,60.439102
2,939.78,60.931046
2,941.16,62.655293
2,942.54,64.301636
2,943.92,65.400337
2,945.3,66.229401
2,946.68,67.394913
2,948.06,68.827003
2,949.44,70.038551
2,950.82,71.260048
2,952.2,72.793907
2,953.58,74.190872
2,954.96,75.516937
2,956.34,76.509308
2,957.72,77.594597
2,959.1,79.342377
2,960.48,81.473907
2,961.86,83.704254
2,963.24,85.872978
2,964.62,88.37011
2,966,91.037849
2,967.38,93.519249
2,968.76,95.596893
2,970.14,97.212334
2,971.52,99.01429
2,972.9,100.382149
2,974.28,101.247658
2,975.66,102.031754
2,977.04,102.57093
2,978.42,103.2929
2,979.8,103.580574
2,981.18,104.211998
2,982.56,104.986786
2,983.94,105.144035
2,985.32,105.034996
2,986.7,105.441803
2,988.08,107.103096
2,989.46,109.102226
2,990.84,112.052086
2,992.22,114.170586
2,993.6,116.913658
2,994.98,119.463928
2,996.36,119.431793
2,997.74,119.205063
2,999.12,117.052803
2,1000.5,114.918503
2,1001.88,111.050446
2,1003.26,109.42498
2,1004.64,107.014679
2,1006.02,106.801575
2,1007.4,106.693314
2,1008.78,106.627808
2,1010.16,106.580399
2,1011.54,106.541473
2,1012.92,106.502533
2,1014.3,106.446167
2,1015.68,106.331818
2,1017.06,103.949493
2,1018.44,101.179398
2,1019.82,98.444946
2,1021.2,95.786652
2,1022.58,92.442314
2,1023.96,89.307434
2,1025.34,85.226273
2,1026.72,80.886238
2,1028.1,76.058945
2,1029.48,71.332199
2,1030.86,67.425102
2,1032.24,64.573578
2,1033.62,62.38002
2,1035,60.137558
2,1036.38,57.53511
2,1037.76,53.770523
2,1039.14,48.168716
2,1040.52,41.987057
2,1041.9,34.919662
2,1043.28,29.486067
2,1044.66,23.605551
2,1046.04,17.100084
2,1047.42,9.839706
2,1048.8,1.889545
2,1050.18,-3.562328
2,1051.56,-7.624077
2,1052.94,-11.050547
2,1054.32,-13.42617
2,1055.7,-14.653431
2,1057.08,-14.677266
2,1058.46,-13.983809
2,1059.84,-11.756762
2,1061.22,-9.163998
2,1062.6,-5.546896
2,1063.98,-4.046003
2,1065.36,-3.536685
2,1066.74,-5.628284
2,1068.12,-8.271329
2,1069.5,-10.394881
2,1070.88,-11.057289
2,1072.26,-11.203468
2,1073.64,-11.265327
2,1075.02,-11.29763
2,1076.4,-13.838731
2,1077.78,-14.768024
2,1079.16,-15.561347
2,1080.54,-16.628248
2,1081.92,-17.821674
2,1083.3,-19.224709
2,1084.68,-20.840384
2,1086.06,-22.617058
2,1087.44,-23.798044
2,1088.82,-24.696238
2,1090.2,-25.971004
2,1091.58,-29.33231
2,1092.96,-33.994179
2,1094.34,-39.040314
2,1095.72,-42.742744
2,1097.1,-45.343838
2,1098.48,-47.345932
2,1099.86,-49.211071
2,1101.24,-51.04903
2,1102.62,-52.333912
2,1104,-53.977871
2,1105.38,-55.83102
2,1106.76,-57.859612
2,1108.14,-60.146255
2,1109.52,-62.222725
2,1110.9,-63.649128
2,1112.28,-66.445297
2,1113.66,-60.861649
2,1115.04,-57.069546
2,1116.42,-51.579361
2,1117.8,-46.391811
2,1119.18,-40.800285
2,1120.56,-36.29842
2,1121.94,-32.593296
2,1123.32,-32.26992
2,1124.7,-31.987492
2,1126.08,-31.739544
2,1127.46,-31.487427
2,1128.84,-31.150066
2,1130.22,-30.562622
2,1131.6,-29.625393
2,1132.98,-28.562069
2,1134.36,-27.27216
2,1135.74,-25.816002
2,1137.12,-24.735489
2,1138.5,-23.910767
2,1139.88,-22.835712
2,1141.26,-21.171482
2,1142.64,-19.574654
2,1144.02,-17.880028
2,1145.4,-16.133492
2,1146.78,-14.9356
2,1148.16,-14.342915
2,1149.54,-13.993195
2,1150.92,-13.715057
2,1152.3,-13.427425
2,1153.68,-13.079445
2,1155.06,-12.638241
2,1156.44,-12.066196
2,1157.82,-11.343315
2,1159.2,-10.437256
2,1160.58,-9.308708
2,1161.96,-7.992844
2,1163.34,-6.659363
2,1164.72,-5.569153
2,1166.1,-4.845161
2,1167.48,-4.428474
3,0,0.742241
3,1.38,0.605919
3,2.76,0.40905
3,4.14,0.086067
3,5.52,-0.660614
3,6.9,-3.501373
3,8.28,-4.502289
3,9.66,-6.978233
3,11.04,-9.808204
3,12.42,-12.474945
3,13.8,-16.303795
3,15.18,-21.607582
3,16.56,-27.49568
3,17.94,-33.238438
3,19.32,-38.693001
3,20.7,-42.854488
3,22.08,-47.491348
3,23.46,-51.59288
3,24.84,-55.957825
3,26.22,-58.693874
3,27.6,-62.23534
3,28.98,-61.458447
3,30.36,-61.028427
3,31.74,-60.759701
3,33.12,-60.563843
3,34.5,-60.409561
3,35.88,-60.284065
3,37.26,-60.182022
3,38.64,-60.102386
3,40.02,-60.050972
3,41.4,-60.042744
3,42.78,-60.101585
3,44.16,-60.262169
3,45.54,-60.571602
3,46.92,-61.128647
3,48.3,-61.814262
3,49.68,-62.5574
3,51.06,-59.82283
3,52.44,-56.821163
3,53.82,-54.187157
3,55.2,-49.94838
3,56.58,-44.306156
3,57.96,-43.127148
3,59.34,-41.186386
3,60.72,-40.740574
3,62.1,-43.915672
3,63.48,-47.969063
3,64.86,-52.934673
3,66.24,-56.094063
3,67.62,-59.246487
3,69,-64.938576
3,70.38,-64.889572
3,71.76,-64.862251
3,73.14,-59.643204
3,74.52,-57.409355
3,75.9,-54.598221
3,77.28,-52.492096
3,78.66,-50.020981
3,80.04,-47.573193
3,81.42,-45.203865
3,82.8,-42.237858
3,84.18,-39.070427
3,85.56,-35.744247
3,86.94,-31.957745
3,88.32,-32.836651
3,89.7,-33.663681
3,91.08,-34.499062
3,92.46,-35.391487
3,93.84,-36.335686
3,95.22,-37.270195
3,96.6,-38.12611
3,97.98,-38.831577
3,99.36,-39.354916
3,100.74,-39.702206
3,102.12,-39.944519
3,103.5,-40.098064
3,104.88,-40.194862
3,106.26,-40.28529
3,107.64,-40.386105
3,109.02,-40.481079
3,110.4,-40.570332
3,111.78,-40.670929
3,113.16,-40.798748
3,114.54,-40.957184
3,115.92,-41.130081
3,117.3,-41.277557
3,118.68,-41.34866
3,120.06,-41.308964
3,121.44,-41.17403
3,122.82,-40.999714
3,124.2,-40.881187
3,125.58,-40.916397
3,126.96,-41.154049
3,128.34,-41.545822
3,129.72,-42.003899
3,131.1,-42.479877
3,132.48,-42.966084
3,133.86,-43.163818
3,135.24,-43.372272
3,136.62,-43.616528
3,138,-43.814106
3,139.38,-43.994953
3,140.76,-44.193619
3,142.14,-44.493027
3,143.52,-44.027107
3,144.9,-43.345749
3,146.28,-41.6455
3,147.66,-39.416893
3,149.04,-35.368954
3,150.42,-31.477339
3,151.8,-28.342455
3,153.18,-26.173954
3,154.56,-23.368752
3,155.94,-19.35503
3,157.32,-19.466736
3,158.7,-19.565201
3,160.08,-19.653057
3,161.46,-19.734993
3,162.84,-19.827137
3,164.22,-19.949276
3,165.6,-20.123192
3,166.98,-20.36813
3,168.36,-20.693531
3,169.74,-21.110611
3,171.12,-21.602673
3,172.5,-22.166897
3,173.88,-22.824646
3,175.26,-23.586052
3,176.64,-6.738758
3,178.02,7.159353
3,179.4,21.297853
3,180.78,36.028275
3,182.16,47.913555
3,183.54,59.263386
3,184.92,73.256561
3,186.3,73.612686
3,187.68,73.926422
3,189.06,74.172684
3,190.44,74.349167
3,191.82,74.466629
3,193.2,74.539948
3,194.58,74.595718
3,195.96,74.685104
3,197.34,73.172028
3,198.72,72.846024
3,200.1,72.989838
3,201.48,73.264107
3,202.86,73.994171
3,204.24,75.147568
3,205.62,76.339264
3,207,78.530243
3,208.38,78.255081
3,209.76,77.998291
3,211.14,77.773727
3,212.52,77.575958
3,213.9,77.392426
3,215.28,77.218353
3,216.66,77.060684
3,218.04,76.926132
3,219.42,76.807083
3,220.8,76.687164
3,222.18,76.549835
3,223.56,76.395844
3,224.94,76.237762
3,226.32,76.088486
3,227.7,75.954727
3,229.08,69.588043
3,230.46,61.232193
3,231.84,50.801197
3,233.22,38.412849
3,234.6,29.717136
3,235.98,20.828751
3,237.36,21.516602
3,238.74,22.194984
3,240.12,22.80201
3,241.5,23.333107
3,242.88,23.776802
3,244.26,24.090744
3,245.64,24.281334
3,247.02,24.360771
3,248.4,24.367378
3,249.78,24.338196
3,251.16,24.34108
3,252.54,24.53978
3,253.92,25.160988
3,255.3,26.17524
3,256.68,27.29641
3,258.06,28.390839
3,259.44,29.226631
3,260.82,29.759109
3,262.2,30.047852
3,263.58,30.188126
3,264.96,30.22953
3,266.34,30.170303
3,267.72,29.92012
3,269.1,29.05249
3,270.48,26.745178
3,271.86,24.778694
3,273.24,21.42141
3,274.62,19.220215
3,276,18.71463
3,277.38,18.484283
3,278.76,18.361015
3,280.14,18.289688
3,281.52,18.245163
3,282.9,18.208946
3,284.28,18.16407
3,285.66,18.095711
3,287.04,17.987564
3,288.42,17.813751
3,289.8,17.406975
3,291.18,20.190311
3,292.56,24.413414
3,293.94,28.378309
3,295.32,32.368652
3,296.7,36.175526
3,298.08,49.028999
3,299.46,49.802208
3,300.84,50.922447
3,302.22,51.41468
3,303.6,57.356758
3,304.98,61.024788
3,306.36,64.8909
3,307.74,66.533112
3,309.12,67.518066
3,310.5,69.344925
3,311.88,72.160614
3,313.26,75.050522
3,314.64,77.710472
3,316.02,80.27581
3,317.4,82.675751
3,318.78,85.285637
3,320.16,86.512337
3,321.54,85.596489
3,322.92,81.950249
3,324.3,78.693115
3,325.68,76.387634
3,327.06,75.658546
3,328.44,74.59964
3,329.82,73.847656
3,331.2,72.895309
3,332.58,72.512054
3,333.96,73.079269
3,335.34,74.440628
3,336.72,76.44532
3,338.1,80.216705
3,339.48,80.370377
3,340.86,80.532593
3,342.24,75.163849
3,343.62,71.029312
3,345,66.662949
3,346.38,62.674423
3,347.76,59.00668
3,349.14,55.011963
3,350.52,54.880157
3,351.9,54.803131
3,353.28,54.751526
3,354.66,32.280136
3,356.04,14.321849
3,357.42,-3.959641
3,358.8,-23.968708
3,360.18,-39.969681
3,361.56,-51.945724
3,362.94,-61.294769
3,364.32,-60.780209
3,365.7,-60.240742
3,367.08,-59.730385
3,368.46,-59.243896
3,369.84,-58.800957
3,371.22,-58.399147
3,372.6,-58.039597
3,373.98,-57.692818
3,375.36,-45.362751
3,376.74,-36.582584
3,378.12,-29.264076
3,379.5,-25.418221
3,380.88,-25.021276
3,382.26,-26.477194
3,383.64,-30.519962
3,385.02,-37.666821
3,386.4,-44.928482
3,387.78,-51.225731
3,389.16,-55.654171
3,390.54,-59.739223
3,391.92,-67.195854
3,393.3,-66.699478
3,394.68,-66.124611
3,396.06,-65.498764
3,397.44,-64.821716
3,398.82,-64.083328
3,400.2,-63.186607
3,401.58,-61.818321
3,402.96,-59.316788
3,404.34,-56.455971
3,405.72,-52.500126
3,407.1,-51.245304
3,408.48,-47.026001
3,409.86,-44.977028
3,411.24,-42.053471
3,412.62,-40.104343
3,414,-37.448303
3,415.38,-37.258072
3,416.76,-37.168121
3,418.14,-37.130398
3,419.52,-37.125305
3,420.9,-37.139141
3,422.28,-37.156651
3,423.66,-37.166222
3,425.04,-37.16851
3,426.42,-37.180664
3,427.8,-37.230186
3,429.18,-37.337467
3,430.56,-37.49794
3,431.94,-37.680584
3,433.32,-37.846703
3,434.7,-37.968273
3,436.08,-38.033234
3,437.46,-38.046074
3,438.84,-38.010914
3,440.22,-37.93
3,441.6,-37.811188
3,442.98,-37.673893
3,444.36,-37.54023
3,445.74,-37.421463
3,447.12,-37.314205
3,448.5,-37.206017
3,449.88,-37.101894
3,451.26,-37.065979
3,452.64,-37.294964
3,454.02,-38.283813
3,455.4,-40.540077
3,456.78,-43.122318
3,458.16,-45.038994
3,459.54,-46.11422
3,460.92,-46.929039
3,462.3,-47.641159
3,463.68,-48.314232
3,465.06,-48.93293
3,466.44,-49.486084
3,467.82,-49.967491
3,469.2,-50.373276
3,470.58,-50.721008
3,471.96,-51.032803
3,473.34,-51.312649
3,474.72,-51.558876
3,476.1,-51.776794
3,477.48,-51.984764
3,478.86,-52.214767
3,480.24,-52.50238
3,481.62,-52.8834
3,483,-53.402214
3,484.38,-54.079948
3,485.76,-54.901146
3,487.14,-54.45993
3,488.52,-54.755104
3,489.9,-54.624363
3,491.28,-54.057117
3,492.66,-53.724617
3,494.04,-53.80986
3,495.42,-53.753952
3,496.8,-52.849102
3,498.18,-51.51342
3,499.56,-51.574387
3,500.94,-51.752388
3,502.32,-51.959427
3,503.7,-52.198452
3,505.08,-50.700912
3,506.46,-48.836945
3,507.84,-46.532417
3,509.22,-43.982609
3,510.6,-41.4142
3,511.98,-36.976456
3,513.36,-30.707624
3,514.74,-23.548773
3,516.12,-16.710924
3,517.5,-11.865549
3,518.88,-8.051987
3,520.26,-5.631413
3,521.64,-2.683959
3,523.02,-0.629225
3,524.4,2.267328
3,525.78,4.729208
3,527.16,8.833985
3,528.54,12.390171
3,529.92,16.797714
3,531.3,20.868586
3,532.68,24.812008
3,534.06,28.14946
3,535.44,28.687759
3,536.82,29.015007
3,538.2,29.268394
3,539.58,29.527565
3,540.96,29.853088
3,542.34,30.295975
3,543.72,30.89196
3,545.1,31.616631
3,546.48,32.448311
3,547.86,33.300827
3,549.24,34.055855
3,550.62,34.59227
3,552,34.912125
3,553.38,35.053535
3,554.76,35.035805
3,556.14,34.831528
3,557.52,34.366959
3,558.9,33.640533
3,560.28,32.736313
3,561.66,31.717339
3,563.04,30.727196
3,564.42,29.983131
3,565.8,29.500168
3,567.18,29.196136
3,568.56,28.99086
3,569.94,28.842499
3,571.32,28.716888
3,572.7,28.579132
3,574.08,28.386078
3,575.46,28.081039
3,576.84,27.603546
3,578.22,26.917732
3,579.6,26.056862
3,580.98,25.177994
3,582.36,24.462967
3,583.74,23.966637
3,585.12,23.585037
3,586.5,23.153214
3,587.88,22.484413
3,589.26,21.424416
3,590.64,20.029808
3,592.02,18.664413
3,593.4,17.705719
3,594.78,11.293278
3,596.16,7.587758
3,597.54,3.725578
3,598.92,-0.054008
3,600.3,-8.313986
3,601.68,-16.321255
3,603.06,-21.718927
3,604.44,-26.671928
3,605.82,-32.540749
3,607.2,-32.268761
3,608.58,-31.912109
3,609.96,-31.490391
3,611.34,-31.034214
3,612.72,-30.585758
3,614.1,-30.163235
3,615.48,-29.744183
3,616.86,-29.522684
3,618.24,-29.261326
3,619.62,-29.270071
3,621,-29.332102
3,622.38,-29.667189
3,623.76,-29.843788
3,625.14,-30.339853
3,626.52,-30.881039
3,627.9,-31.762611
3,629.28,-32.692352
3,630.66,-34.369968
3,632.04,-36.282352
3,633.42,-38.361973
3,634.8,-40.029922
3,636.18,-42.097141
3,637.56,-45.098911
3,638.94,-47.640793
3,640.32,-50.171146
3,641.7,-52.383869
3,643.08,-55.830788
3,644.46,-54.954964
3,645.84,-54.550781
3,647.22,-54.321831
3,648.6,-54.18248
3,649.98,-54.086651
3,651.36,-54.007061
3,652.74,-53.926594
3,654.12,-53.829872
3,655.5,-53.69371
3,656.88,-53.536964
3,658.26,-53.387024
3,659.64,-53.270996
3,661.02,-53.181366
3,662.4,-53.134289
3,663.78,-53.118027
3,665.16,-53.120506
3,666.54,-53.136047
3,667.92,-53.150723
3,669.3,-53.135071
3,670.68,-53.052254
3,672.06,-52.83548
3,673.44,-52.322727
3,674.82,-50.994621
3,676.2,-49.015686
3,677.58,-47.439651
3,678.96,-45.587303
3,680.34,-44.154007
3,681.72,-43.543324
3,683.1,-43.363636
3,684.48,-43.346962
3,685.86,-43.391079
3,687.24,-43.453564
3,688.62,-43.52108
3,690,-43.601326
3,691.38,-43.720844
3,692.76,-43.959366
3,694.14,-44.53846
3,695.52,-46.332779
3,696.9,-48.265343
3,698.28,-49.825302
3,699.66,-50.996117
3,701.04,-51.724499
3,702.42,-52.128769
3,703.8,-52.352875
3,705.18,-52.486099
3,706.56,-52.558678
3,707.94,-52.577122
3,709.32,-52.5439
3,710.7,-52.475315
3,712.08,-52.383579
3,713.46,-52.282398
3,714.84,-52.187866
3,716.22,-52.114601
3,717.6,-52.073391
3,718.98,-52.096214
3,720.36,-52.232025
3,721.74,-52.5019
3,723.12,-52.814049
3,724.5,-53.036594
3,725.88,-53.146969
3,727.26,-53.191872
3,728.64,-53.219002
3,730.02,-53.261681
3,731.4,-53.342281
3,732.78,-53.483299
3,734.16,-56.095383
3,735.54,-55.423805
3,736.92,-53.180595
3,738.3,-49.560173
3,739.68,-45.799965
3,741.06,-41.727673
3,742.44,-37.268887
3,743.82,-32.865219
3,745.2,-28.231466
3,746.58,-23.570656
3,747.96,-18.747168
3,749.34,-13.097737
3,750.72,-7.475218
3,752.1,-2.099364
3,753.48,1.508563
3,754.86,3.54671
3,756.24,4.250844
3,757.62,4.432152
3,759,4.690818
3,760.38,5.028831
3,761.76,5.64929
3,763.14,7.135359
3,764.52,10.139799
3,765.9,13.08679
3,767.28,15.918283
3,768.66,17.221886
3,770.04,19.312387
3,771.42,22.201693
3,772.8,27.295921
3,774.18,34.60117
3,775.56,43.033722
3,776.94,52.508217
3,778.32,59.940201
3,779.7,66.335747
3,781.08,70.662872
3,782.46,76.117912
3,783.84,80.832565
3,785.22,84.83284
3,786.6,86.593864
3,787.98,87.651825
3,789.36,88.118439
3,790.74,89.668404
3,792.12,91.735184
3,793.5,94.076721
3,794.88,96.134727
3,796.26,97.668999
3,797.64,98.868004
3,799.02,99.060173
3,800.4,99.059464
3,801.78,99.111465
3,803.16,99.171425
3,804.54,99.2155
3,805.92,98.768181
3,807.3,98.257057
3,808.68,97.00576
3,810.06,95.830734
3,811.44,93.983147
3,812.82,91.764313
3,814.2,89.41835
3,815.58,87.260117
3,816.96,85.178101
3,818.34,82.691536
3,819.72,79.682457
3,821.1,77.319031
3,822.48,78.340347
3,823.86,77.64827
3,825.24,72.393944
3,826.62,69.239922
3,828,66.698593
3,829.38,61.526482
3,830.76,56.814133
3,832.14,53.911774
3,833.52,51.670914
3,834.9,51.773796
3,836.28,52.817886
3,837.66,54.819695
3,839.04,57.104538
3,840.42,57.574951
3,841.8,57.807053
3,843.18,57.908035
3,844.56,57.932739
3,845.94,57.90834
3,847.32,51.59642
3,848.7,47.521469
3,850.08,46.639999
3,851.46,38.723782
3,852.84,33.83807
3,854.22,27.90097
3,855.6,22.585464
3,856.98,22.500908
3,858.36,22.463715
3,859.74,22.458664
3,861.12,22.514244
3,862.5,22.755577
3,863.88,25.545479
3,865.26,27.248732
3,866.64,28.358948
3,868.02,30.482788
3,869.4,31.832779
3,870.78,31.776001
3,872.16,31.500084
3,873.54,31.18158
3,874.92,30.849701
3,876.3,30.461731
3,877.68,29.930695
3,879.06,29.077202
3,880.44,24.316517
3,881.82,18.971144
3,883.2,13.871581
3,884.58,8.309392
3,885.96,2.738983
3,887.34,2.285995
3,888.72,1.678017
3,890.1,0.838715
3,891.48,-0.332077
3,892.86,-1.73011
3,894.24,-3.194771
3,895.62,-4.553627
3,897,-5.49189
3,898.38,-5.974327
3,899.76,-6.161842
3,901.14,-6.189995
3,902.52,-6.13987
3,903.9,-6.068092
3,905.28,-6.018951
3,906.66,-6.027382
3,908.04,-6.123657
3,909.42,-6.340622
3,910.8,-6.73317
3,912.18,-7.358253
3,913.56,-8.213058
3,914.94,-9.486816
3,916.32,-13.959955
3,917.7,-17.404041
3,919.08,-21.153671
3,920.46,-9.924984
3,921.84,2.973555
3,923.22,23.890112
3,924.6,45.976486
3,925.98,65.954521
3,927.36,78.127861
3,928.74,84.660629
3,930.12,84.465019
3,931.5,82.749481
3,932.88,82.678497
3,934.26,82.691162
3,935.64,82.740311
3,937.02,82.797775
3,938.4,82.835663
3,939.78,78.564079
3,941.16,75.088799
3,942.54,70.406647
3,943.92,65.885406
3,945.3,60.369843
3,946.68,53.920933
3,948.06,47.365875
3,949.44,30.846992
3,950.82,16.60516
3,952.2,5.970087
3,953.58,-7.020561
3,954.96,-7.005066
3,956.34,-6.970734
3,957.72,-6.929138
3,959.1,-6.889259
3,960.48,-6.857025
3,961.86,-6.834961
3,963.24,-11.259975
3,964.62,-15.494801
3,966,-19.930552
3,967.38,-25.322458
3,968.76,-29.390224
3,970.14,-33.164761
3,971.52,-36.769184
3,972.9,-35.310074
3,974.28,-35.83176
3,975.66,-37.284565
3,977.04,-38.354332
3,978.42,-38.260921
3,979.8,-39.631943
3,981.18,-43.407345
3,982.56,-49.270786
3,983.94,-54.742664
3,985.32,-58.511501
3,986.7,-61.653381
3,988.08,-66.21312
3,989.46,-66.164795
3,990.84,-66.061165
3,992.22,-65.896439
3,993.6,-65.643906
3,994.98,-65.247009
3,996.36,-64.59861
3,997.74,-62.562019
3,999.12,-60.381725
3,1000.5,-58.510723
3,1001.88,-55.697823
3,1003.26,-55.487873
3,1004.64,-53.785191
3,1006.02,-54.693687
3,1007.4,-55.682625
3,1008.78,-56.442055
3,1010.16,-57.011223
3,1011.54,-57.451004
3,1012.92,-57.814835
3,1014.3,-58.108162
3,1015.68,-58.352554
3,1017.06,-58.572495
3,1018.44,-58.790646
3,1019.82,-59.024708
3,1021.2,-59.282326
3,1022.58,-59.541275
3,1023.96,-59.756706
3,1025.34,-59.851105
3,1026.72,-59.728577
3,1028.1,-59.330421
3,1029.48,-58.621658
3,1030.86,-57.499531
3,1032.24,-55.938675
3,1033.62,-51.35865
3,1035,-47.695278
3,1036.38,-43.779427
3,1037.76,-41.63065
3,1039.14,-37.734951
3,1040.52,-37.118309
3,1041.9,-36.609531
3,1043.28,-36.01017
3,1044.66,-35.17384
3,1046.04,-33.90963
3,1047.42,-32.43195
3,1048.8,-31.141712
3,1050.18,-30.128483
3,1051.56,-29.378532
3,1052.94,-28.855095
3,1054.32,-28.504215
3,1055.7,-28.293114
3,1057.08,-28.201771
3,1058.46,-28.260891
3,1059.84,-28.555367
3,1061.22,-29.21085
3,1062.6,-30.132885
3,1063.98,-31.13575
3,1065.36,-32.212013
3,1066.74,-33.156471
3,1068.12,-33.804028
3,1069.5,-34.233242
3,1070.88,-35.019596
3,1072.26,-35.802605
3,1073.64,-36.974113
3,1075.02,-37.929886
3,1076.4,-38.946663
3,1077.78,-39.628269
3,1079.16,-40.764755
3,1080.54,-42.074074
3,1081.92,-43.917011
3,1083.3,-45.718037
3,1084.68,-47.689636
3,1086.06,-50.099403
3,1087.44,-52.601746
3,1088.82,-55.248856
3,1090.2,-56.700584
3,1091.58,-57.69313
3,1092.96,-58.211018
3,1094.34,-58.915047
3,1095.72,-59.782295
3,1097.1,-60.582424
3,1098.48,-61.043354
3,1099.86,-60.447311
3,1101.24,-58.105232
3,1102.62,-53.936726
3,1104,-48.643188
3,1105.38,-42.444176
3,1106.76,-35.319843
3,1108.14,-29.626045
3,1109.52,-25.517729
3,1110.9,-22.851814
3,1112.28,-18.321133
3,1113.66,-13.382298
3,1115.04,-8.856926
3,1116.42,-6.398981
3,1117.8,-4.148682
3,1119.18,-1.116873
3,1120.56,2.65473
3,1121.94,5.603865
3,1123.32,6.523174
3,1124.7,4.417953
3,1126.08,4.657883
3,1127.46,4.884254
3,1128.84,12.31764
3,1130.22,17.772621
3,1131.6,23.614023
3,1132.98,31.246162
3,1134.36,32.057289
3,1135.74,32.809952
3,1137.12,33.514198
3,1138.5,34.21286
3,1139.88,34.926979
3,1141.26,35.625305
3,1142.64,36.280006
3,1144.02,36.857803
3,1145.4,37.300919
3,1146.78,37.584084
3,1148.16,37.724403
3,1149.54,31.312862
3,1150.92,28.132132
3,1152.3,24.566742
3,1153.68,20.411024
3,1155.06,17.993191
3,1156.44,16.781258
3,1157.82,16.796654
3,1159.2,16.637688
3,1160.58,18.036112
3,1161.96,22.391478
3,1163.34,26.750191
3,1164.72,31.119232
3,1166.1,34.410862
3,1167.48,42.0952
4,0,19.087608
4,1.38,18.596382
4,2.76,19.123041
4,4.14,20.714964
4,5.52,23.861843
4,6.9,27.65724
4,8.28,34.384075
4,9.66,40.851189
4,11.04,50.028225
4,12.42,62.946808
4,13.8,62.980331
4,15.18,63.005264
4,16.56,63.04454
4,17.94,63.11795
4,19.32,63.255081
4,20.7,66.082756
4,22.08,68.779541
4,23.46,72.118629
4,24.84,75.779999
4,26.22,79.008896
4,27.6,81.75441
4,28.98,82.193573
4,30.36,82.300415
4,31.74,82.179199
4,33.12,83.236732
4,34.5,83.565514
4,35.88,83.398773
4,37.26,82.357788
4,38.64,81.270317
4,40.02,77.784119
4,41.4,74.637589
4,42.78,71.593124
4,44.16,70.245979
4,45.54,68.318634
4,46.92,65.410149
4,48.3,62.340805
4,49.68,57.90181
4,51.06,57.416885
4,52.44,56.936691
4,53.82,56.333557
4,55.2,55.481201
4,56.58,54.242157
4,57.96,52.631866
4,59.34,47.201973
4,60.72,41.075294
4,62.1,33.986923
4,63.48,26.629589
4,64.86,19.362413
4,66.24,11.992299
4,67.62,0.063614
4,69,0.184669
4,70.38,0.782108
4,71.76,-6.929359
4,73.14,-9.373984
4,74.52,-14.265196
4,75.9,-18.99633
4,77.28,-23.262363
4,78.66,-23.480553
4,80.04,-23.831181
4,81.42,-24.428387
4,82.8,-25.307602
4,84.18,-26.333103
4,85.56,-27.300995
4,86.94,-28.07626
4,88.32,-28.693027
4,89.7,-29.201096
4,91.08,-29.670597
4,92.46,-35.298069
4,93.84,-38.896896
4,95.22,-40.822948
4,96.6,-44.939068
4,97.98,-50.359386
4,99.36,-53.089584
4,100.74,-55.309223
4,102.12,-58.3489
4,103.5,-56.294998
4,104.88,-54.529266
4,106.26,-53.227497
4,107.64,-52.401176
4,109.02,-51.841179
4,110.4,-51.444695
4,111.78,-51.128605
4,113.16,-50.850933
4,114.54,-50.589767
4,115.92,-50.325294
4,117.3,-50.047966
4,118.68,-49.758732
4,120.06,-49.477943
4,121.44,-49.245789
4,122.82,-49.098137
4,124.2,-49.01783
4,125.58,-48.928917
4,126.96,-48.736671
4,128.34,-48.393463
4,129.72,-47.916267
4,131.1,-47.35268
4,132.48,-46.781509
4,133.86,-46.29108
4,135.24,-45.926704
4,136.62,-45.689507
4,138,-45.553707
4,139.38,-45.493736
4,140.76,-45.47736
4,142.14,-45.472637
4,143.52,-45.454796
4,144.9,-45.407814
4,146.28,-45.318336
4,147.66,-45.165825
4,149.04,-44.903702
4,150.42,-44.415916
4,151.8,-43.613155
4,153.18,-42.639378
4,154.56,-41.634689
4,155.94,-40.600899
4,157.32,-39.575878
4,158.7,-38.662273
4,160.08,-37.874828
4,161.46,-37.16153
4,162.84,-36.47921
4,164.22,-35.845882
4,165.6,-35.295448
4,166.98,-34.893303
4,168.36,-34.671165
4,169.74,-34.584129
4,171.12,-34.577499
4,172.5,-34.594158
4,173.88,-34.589493
4,175.26,-34.513912
4,176.64,-34.28661
4,178.02,-33.764698
4,179.4,-32.729218
4,180.78,-31.226498
4,182.16,-29.255257
4,183.54,-27.042904
4,184.92,-25.600906
4,186.3,-24.811409
4,187.68,-24.358494
4,189.06,-24.148159
4,190.44,-24.169266
4,191.82,-24.409302
4,193.2,-24.827469
4,194.58,-25.357307
4,195.96,-25.952461
4,197.34,-26.533203
4,198.72,-27.022293
4,200.1,-27.417374
4,201.48,-27.783974
4,202.86,-28.211849
4,204.24,-28.406654
4,205.62,-28.607792
4,207,-28.865883
4,208.38,-29.086596
4,209.76,-29.357836
4,211.14,-29.278477
4,212.52,-28.88456
4,213.9,-28.233284
4,215.28,-27.087921
4,216.66,-25.761269
4,218.04,-24.113838
4,219.42,-22.786928
4,220.8,-21.685677
4,222.18,-20.612682
4,223.56,-19.625999
4,224.94,-18.625227
4,226.32,-17.536713
4,227.7,-16.127266
4,229.08,-15.781162
4,230.46,-15.512615
4,231.84,-15.279659
4,233.22,-15.055656
4,234.6,-14.814651
4,235.98,-14.544632
4,237.36,-14.264027
4,238.74,-14.025723
4,240.12,-13.889969
4,241.5,-13.933319
4,242.88,-14.156845
4,244.26,-14.491241
4,245.64,-14.856129
4,247.02,-15.232231
4,248.4,-15.674259
4,249.78,-19.468842
4,251.16,-22.522785
4,252.54,-25.526022
4,253.92,-28.086584
4,255.3,-31.117228
4,256.68,-31.856192
4,258.06,-31.450409
4,259.44,-29.244869
4,260.82,-28.14134
4,262.2,-27.647831
4,263.58,-27.615196
4,264.96,-27.758198
4,266.34,-28.689857
4,267.72,-30.792233
4,269.1,-32.72163
4,270.48,-35.507378
4,271.86,-38.448017
4,273.24,-41.390701
4,274.62,-43.103928
4,276,-44.654438
4,277.38,-46.791233
4,278.76,-46.090271
4,280.14,-45.324951
4,281.52,-37.430717
4,282.9,-31.144114
4,284.28,-23.647968
4,285.66,-14.410726
4,287.04,-7.262397
4,288.42,-1.07213
4,289.8,7.551193
4,291.18,7.291527
4,292.56,7.023293
4,293.94,6.759529
4,295.32,6.506409
4,296.7,6.267769
4,298.08,6.044785
4,299.46,5.844627
4,300.84,-2.07849
4,302.22,-10.538594
4,303.6,-19.476383
4,304.98,-36.607788
4,306.36,-51.262566
4,307.74,-67.79512
4,309.12,-67.342964
4,310.5,-66.902405
4,311.88,-66.538391
4,313.26,-66.292435
4,314.64,-66.181976
4,316.02,-66.251106
4,317.4,-66.503487
4,318.78,-66.858475
4,320.16,-67.168381
4,321.54,-67.218712
4,322.92,-66.727249
4,324.3,-65.361374
4,325.68,-60.476238
4,327.06,-55.878609
4,328.44,-51.493919
4,329.82,-46.601418
4,331.2,-40.8992
4,332.58,-36.103706
4,333.96,-32.544163
4,335.34,-27.893837
4,336.72,-20.539646
4,338.1,-20.502819
4,339.48,-20.379555
4,340.86,-20.196606
4,342.24,-19.986629
4,343.62,-19.779873
4,345,-19.603271
4,346.38,-19.478016
4,347.76,-19.429218
4,349.14,-24.927742
4,350.52,-31.352243
4,351.9,-38.519642
4,353.28,-45.38945
4,354.66,-51.895721
4,356.04,-52.381966
4,357.42,-52.855453
4,358.8,-53.367439
4,360.18,-53.910927
4,361.56,-54.47731
4,362.94,-55.035774
4,364.32,-55.569862
4,365.7,-56.053593
4,367.08,-56.474876
4,368.46,-56.849007
4,369.84,-57.196617
4,371.22,-57.514687
4,372.6,-57.74728
4,373.98,-57.868912
4,375.36,-57.830101
4,376.74,-57.550415
4,378.12,-56.97084
4,379.5,-56.050049
4,380.88,-54.907883
4,382.26,-53.94915
4,383.64,-53.288025
4,385.02,-52.828754
4,386.4,-52.451092
4,387.78,-52.09063
4,389.16,-51.748478
4,390.54,-51.493259
4,391.92,-51.452835
4,393.3,-51.800457
4,394.68,-52.738842
4,396.06,-53.9119
4,397.44,-54.768356
4,398.82,-53.327324
4,400.2,-52.831882
4,401.58,-52.590446
4,402.96,-52.727943
4,404.34,-52.973709
4,405.72,-53.154858
4,407.1,-53.183468
4,408.48,-53.154228
4,409.86,-53.209606
4,411.24,-53.289555
4,412.62,-53.290363
4,414,-52.852749
4,415.38,-52.892975
4,416.76,-52.94379
4,418.14,-53.031212
4,419.52,-54.305744
4,420.9,-55.343616
4,422.28,-56.866501
4,423.66,-58.098259
4,425.04,-59.824871
4,426.42,-61.242615
4,427.8,-62.401958
4,429.18,-63.418858
4,430.56,-64.534485
4,431.94,-64.145523
4,433.32,-63.87989
4,434.7,-63.706146
4,436.08,-63.617596
4,437.46,-63.626942
4,438.84,-58.426193
4,440.22,-54.474747
4,441.6,-45.912262
4,442.98,-42.793961
4,444.36,-37.285236
4,445.74,-37.181145
4,447.12,-37.008064
4,448.5,-36.753002
4,449.88,-36.416431
4,451.26,-36.015446
4,452.64,-35.517418
4,454.02,-34.873989
4,455.4,-34.048843
4,456.78,-33.201416
4,458.16,-32.518246
4,459.54,-17.388851
4,460.92,-7.751711
4,462.3,1.775159
4,463.68,10.806149
4,465.06,24.355537
4,466.44,24.403793
4,467.82,24.416489
4,469.2,24.400818
4,470.58,24.366478
4,471.96,30.251366
4,473.34,35.952309
4,474.72,41.701153
4,476.1,46.768196
4,477.48,50.950932
4,478.86,55.661125
4,480.24,60.481831
4,481.62,65.066101
4,483,67.463959
4,484.38,69.062012
4,485.76,70.542389
4,487.14,73.202705
4,488.52,76.162117
4,489.9,78.888443
4,491.28,80.837547
4,492.66,82.212921
4,494.04,83.558289
4,495.42,84.713295
4,496.8,85.900154
4,498.18,86.707176
4,499.56,87.044456
4,500.94,86.900352
4,502.32,86.894348
4,503.7,87.444122
4,505.08,88.57016
4,506.46,90.474945
4,507.84,92.117851
4,509.22,93.622429
4,510.6,95.866211
4,511.98,96.050735
4,513.36,96.145508
4,514.74,96.18605
4,516.12,96.188171
4,517.5,96.155228
4,518.88,96.072418
4,520.26,93.804123
4,521.64,91.164009
4,523.02,87.854065
4,524.4,84.235046
4,525.78,81.173965
4,527.16,78.193298
4,528.54,77.74884
4,529.92,62.108303
4,531.3,49.700638
4,532.68,33.387131
4,534.06,19.871758
4,535.44,7.431132
4,536.82,-4.289856
4,538.2,-4.158691
4,539.58,-3.956268
4,540.96,-3.666718
4,542.34,-3.281425
4,543.72,-2.804039
4,545.1,-2.188828
4,546.48,-1.440506
4,547.86,-0.639862
4,549.24,0.198799
4,550.62,1.071022
4,552,2.055817
4,553.38,5.166341
4,554.76,7.942917
4,556.14,10.366501
4,557.52,14.745529
4,558.9,18.746101
4,560.28,19.835419
4,561.66,20.437935
4,563.04,20.883835
4,564.42,17.19618
4,565.8,13.884195
4,567.18,13.159203
4,568.56,4.962967
4,569.94,1.467538
4,571.32,-3.999031
4,572.7,-4.737991
4,574.08,-5.764099
4,575.46,-6.97802
4,576.84,-8.254768
4,578.22,-9.541214
4,579.6,-10.942924
4,580.98,-12.574875
4,582.36,-14.489403
4,583.74,-16.608604
4,585.12,-18.529392
4,586.5,-19.946732
4,587.88,-21.01749
4,589.26,-21.90884
4,590.64,-22.630501
4,592.02,-23.182232
4,593.4,-23.579609
4,594.78,-23.866158
4,596.16,-24.078606
4,597.54,-24.233715
4,598.92,-24.333111
4,600.3,-24.375412
4,601.68,-12.491838
4,603.06,-0.651328
4,604.44,12.818378
4,605.82,24.543684
4,607.2,36.263313
4,608.58,46.206726
4,609.96,46.017654
4,611.34,45.805618
4,612.72,45.565117
4,614.1,45.296349
4,615.48,45.02684
4,616.86,43.586868
4,618.24,43.06625
4,619.62,40.482147
4,621,45.476479
4,622.38,48.081402
4,623.76,50.468906
4,625.14,52.672653
4,626.52,55.049271
4,627.9,59.192383
4,629.28,63.482685
4,630.66,66.380928
4,632.04,66.287567
4,633.42,64.219368
4,634.8,62.095963
4,636.18,59.665691
4,637.56,57.508953
4,638.94,55.118298
4,640.32,52.175629
4,641.7,52.115517
4,643.08,52.094559
4,644.46,52.094521
4,645.84,52.105286
4,647.22,55.493816
4,648.6,56.533829
4,649.98,57.692234
4,651.36,58.773979
4,652.74,59.037048
4,654.12,61.363613
4,655.5,61.22406
4,656.88,60.209026
4,658.26,56.690861
4,659.64,48.524429
4,661.02,34.899082
4,662.4,19.11684
4,663.78,6.806334
4,665.16,-7.584465
4,666.54,-7.623871
4,667.92,-7.680435
4,669.3,-7.780243
4,670.68,-7.981323
4,672.06,-11.588814
4,673.44,-12.249245
4,674.82,-17.463457
4,676.2,-22.064997
4,677.58,-27.354059
4,678.96,-30.659676
4,680.34,-35.236965
4,681.72,-32.033623
4,683.1,-30.652046
4,684.48,-27.213787
4,685.86,-24.914421
4,687.24,-24.452076
4,688.62,-24.266621
4,690,-24.16209
4,691.38,-24.075138
4,692.76,-23.981491
4,694.14,-23.864769
4,695.52,-23.70789
4,696.9,-23.489174
4,698.28,-23.174797
4,699.66,-23.726791
4,701.04,-24.448736
4,702.42,-25.094835
4,703.8,-25.646406
4,705.18,-26.623665
4,706.56,-28.027824
4,707.94,-29.642918
4,709.32,-31.287275
4,710.7,-33.352432
4,712.08,-36.243534
4,713.46,-40.912903
4,714.84,-45.061234
4,716.22,-48.218613
4,717.6,-49.092396
4,718.98,-49.627029
4,720.36,-49.939903
4,721.74,-50.115074
4,723.12,-50.003723
4,724.5,-49.673954
4,725.88,-49.226101
4,727.26,-48.913742
4,728.64,-48.641758
4,730.02,-48.236977
4,731.4,-47.65332
4,732.78,-47.234596
4,734.16,-46.69767
4,735.54,-46.232269
4,736.92,-45.865036
4,738.3,-45.600796
4,739.68,-45.440041
4,741.06,-45.395332
4,742.44,-45.501595
4,743.82,-45.797562
4,745.2,-46.268578
4,746.58,-46.772346
4,747.96,-47.164948
4,749.34,-47.346252
4,750.72,-47.311317
4,752.1,-47.131851
4,753.48,-46.851479
4,754.86,-46.467484
4,756.24,-45.972122
4,757.62,-45.388779
4,759,-44.78334
4,760.38,-44.195244
4,761.76,-43.650009
4,763.14,-43.234039
4,764.52,-43.010101
4,765.9,-43.041004
4,767.28,-43.326248
4,768.66,-43.790833
4,770.04,-44.303505
4,771.42,-44.722748
4,772.8,-44.995075
4,774.18,-45.129025
4,775.56,-45.15818
4,776.94,-45.119438
4,778.32,-45.039055
4,779.7,-44.930309
4,781.08,-44.794964
4,782.46,-44.623791
4,783.84,-44.397354
4,785.22,-44.093109
4,786.6,-43.705452
4,787.98,-43.265137
4,789.36,-42.847576
4,790.74,-42.538265
4,792.12,-42.406338
4,793.5,-42.499989
4,794.88,-42.843086
4,796.26,-43.317692
4,797.64,-43.734734
4,799.02,-42.577705
4,800.4,-42.223801
4,801.78,-42.108746
4,803.16,-42.02206
4,804.54,-41.91188
4,805.92,-41.175549
4,807.3,-38.520462
4,808.68,-38.148933
4,810.06,-35.458218
4,811.44,-35.081783
4,812.82,-34.9235
4,814.2,-34.902119
4,815.58,-34.971897
4,816.96,-35.116058
4,818.34,-35.330879
4,819.72,-35.60968
4,821.1,-35.92675
4,822.48,-36.240311
4,823.86,-36.503052
4,825.24,-36.677078
4,826.62,-36.754032
4,828,-36.754654
4,829.38,-36.709946
4,830.76,-36.640259
4,832.14,-36.546185
4,833.52,-36.417091
4,834.9,-36.248592
4,836.28,-36.050709
4,837.66,-35.84301
4,839.04,-35.645309
4,840.42,-35.479713
4,841.8,-35.369255
4,843.18,-35.334599
4,844.56,-27.454218
4,845.94,-23.908802
4,847.32,-20.728203
4,848.7,-18.323055
4,850.08,-14.653371
4,851.46,-12.232173
4,852.84,-10.484276
4,854.22,-13.521198
4,855.6,-21.627075
4,856.98,-34.014988
4,858.36,-46.209282
4,859.74,-58.940796
4,861.12,-60.391499
4,862.5,-62.583549
4,863.88,-65.141159
4,865.26,-55.824471
4,866.64,-48.155293
4,868.02,-41.059753
4,869.4,-34.061413
4,870.78,-29.168753
4,872.16,-25.628542
4,873.54,-22.446203
4,874.92,-18.953791
4,876.3,-14.431292
4,877.68,-10.429057
4,879.06,-5.079761
4,880.44,1.802925
4,881.82,2.331123
4,883.2,2.89325
4,884.58,3.449661
4,885.96,3.961723
4,887.34,4.385872
4,888.72,4.691833
4,890.1,4.86158
4,891.48,4.897758
4,892.86,4.804657
4,894.24,4.587593
4,895.62,4.265549
4,897,3.906303
4,898.38,3.58596
4,899.76,3.392349
4,901.14,3.34668
4,902.52,3.407539
4,903.9,3.510681
4,905.28,3.608208
4,906.66,-7.489342
4,908.04,-11.715175
4,909.42,-14.640239
4,910.8,-22.844261
4,912.18,-31.599073
4,913.56,-45.258373
4,914.94,-54.043392
4,916.32,-67.235336
4,917.7,-67.168411
4,919.08,-67.067314
4,920.46,-66.874908
4,921.84,-66.586853
4,923.22,-66.236725
4,924.6,-65.887825
4,925.98,-65.549286
4,927.36,-65.246674
4,928.74,-64.985229
4,930.12,-60.598259
4,931.5,-55.821033
4,932.88,-51.03648
4,934.26,-46.571518
4,935.64,-41.752758
4,937.02,-37.342686
4,938.4,-37.32056
4,939.78,-37.343914
4,941.16,-37.384521
4,942.54,-37.432373
4,943.92,-37.488831
4,945.3,-37.565994
4,946.68,-37.694431
4,948.06,-37.931175
4,949.44,-38.341434
4,950.82,-38.949223
4,952.2,-39.674374
4,953.58,-40.398994
4,954.96,-41.007034
4,956.34,-41.418751
4,957.72,-41.569202
4,959.1,-41.454044
4,960.48,-41.131302
4,961.86,-40.731716
4,963.24,-40.373779
4,964.62,-40.137909
4,966,-40.096001
4,967.38,-40.356819
4,968.76,-41.238491
4,970.14,-43.401905
4,971.52,-45.816338
4,972.9,-48.72036
4,974.28,-49.90345
4,975.66,-50.513702
4,977.04,-50.948975
4,978.42,-51.351955
4,979.8,-51.845695
4,981.18,-52.52858
4,982.56,-53.435127
4,983.94,-54.505737
4,985.32,-55.62569
4,986.7,-56.692257
4,988.08,-57.570496
4,989.46,-58.214108
4,990.84,-58.65934
4,992.22,-58.987621
4,993.6,-59.243107
4,994.98,-59.449463
4,996.36,-59.615036
4,997.74,-59.736225
4,999.12,-59.797592
4,1000.5,-59.769073
4,1001.88,-59.615234
4,1003.26,-59.307568
4,1004.64,-58.831017
4,1006.02,-58.226387
4,1007.4,-57.588642
4,1008.78,-57.008316
4,1010.16,-56.57238
4,1011.54,-56.271263
4,1012.92,-56.084385
4,1014.3,-55.986443
4,1015.68,-55.964054
4,1017.06,-56.000656
4,1018.44,-56.062241
4,1019.82,-56.108227
4,1021.2,-56.117836
4,1022.58,-56.095222
4,1023.96,-56.051559
4,1025.34,-55.989059
4,1026.72,-55.898144
4,1028.1,-55.774078
4,1029.48,-55.665314
4,1030.86,-55.712673
4,1032.24,-56.01899
4,1033.62,-56.579018
4,1035,-57.525215
4,1036.38,-58.624664
4,1037.76,-59.59634
4,1039.14,-60.319679
4,1040.52,-60.85952
4,1041.9,-61.274757
4,1043.28,-61.664368
4,1044.66,-62.065811
4,1046.04,-62.539139
4,1047.42,-63.14035
4,1048.8,-63.961273
4,1050.18,-65.074745
4,1051.56,-56.392044
4,1052.94,-46.881851
4,1054.32,-37.425945
4,1055.7,-25.356556
4,1057.08,-12.973485
4,1058.46,-0.331345
4,1059.84,8.364414
4,1061.22,13.153941
4,1062.6,14.919956
4,1063.98,16.228409
4,1065.36,17.230782
4,1066.74,18.726982
4,1068.12,19.939415
4,1069.5,21.763168
4,1070.88,23.274944
4,1072.26,25.944088
4,1073.64,29.68318
4,1075.02,34.884007
4,1076.4,39.896313
4,1077.78,44.85931
4,1079.16,50.223351
4,1080.54,56.366364
4,1081.92,62.286858
4,1083.3,67.669289
4,1084.68,72.341217
4,1086.06,77.516991
4,1087.44,82.139626
4,1088.82,86.057495
4,1090.2,88.641113
4,1091.58,91.634125
4,1092.96,91.667221
4,1094.34,91.689529
4,1095.72,91.701828
4,1097.1,91.70491
4,1098.48,91.695068
4,1099.86,91.661377
4,1101.24,91.585464
4,1102.62,91.439987
4,1104,89.908142
4,1105.38,88.670738
4,1106.76,86.81459
4,1108.14,84.239746
4,1109.52,81.37558
4,1110.9,78.186058
4,1112.28,74.969742
4,1113.66,71.500397
4,1115.04,68.404999
4,1116.42,65.470795
4,1117.8,62.173401
4,1119.18,60.183918
4,1120.56,56.459503
4,1121.94,55.179321
4,1123.32,51.649048
4,1124.7,51.458153
4,1126.08,51.283676
4,1127.46,51.096535
4,1128.84,50.859543
4,1130.22,50.527496
4,1131.6,50.069679
4,1132.98,49.477219
4,1134.36,48.768677
4,1135.74,48.002541
4,1137.12,47.185738
4,1138.5,43.727303
4,1139.88,39.43116
4,1141.26,34.939163
4,1142.64,28.26844
4,1144.02,21.958809
4,1145.4,14.647256
4,1146.78,8.712197
4,1148.16,4.543663
4,1149.54,2.333477
4,1150.92,-0.360596
4,1152.3,-0.569855
4,1153.68,-0.787262
4,1155.06,-3.72355
4,1156.44,-8.041973
4,1157.82,-11.19746
4,1159.2,-12.586757
4,1160.58,-12.335467
4,1161.96,-10.550151
4,1163.34,-7.983017
4,1164.72,-2.857704
4,1166.1,-2.846466
4,1167.48,-2.876747
5,0,-11.308601
5,1.38,-10.345741
5,2.76,-9.334221
5,4.14,-8.373489
5,5.52,-7.487511
5,6.9,-6.591896
5,8.28,4.520837
5,9.66,18.125113
5,11.04,32.006084
5,12.42,48.724472
5,13.8,64.988838
5,15.18,81.494354
5,16.56,95.888718
5,17.94,93.440399
5,19.32,91.483414
5,20.7,89.986214
5,22.08,88.542046
5,23.46,87.330635
5,24.84,86.056137
5,26.22,84.512192
5,27.6,83.160728
5,28.98,82.524521
5,30.36,82.162842
5,31.74,82.582085
5,33.12,83.036232
5,34.5,84.221931
5,35.88,85.333588
5,37.26,86.476318
5,38.64,87.091095
5,40.02,86.892532
5,41.4,86.879364
5,42.78,86.832497
5,44.16,86.846291
5,45.54,86.456985
5,46.92,86.035431
5,48.3,86.328651
5,49.68,86.997559
5,51.06,88.559235
5,52.44,86.061661
5,53.82,83.80687
5,55.2,81.095383
5,56.58,78.914078
5,57.96,77.688187
5,59.34,76.981567
5,60.72,76.514633
5,62.1,76.181351
5,63.48,75.934082
5,64.86,75.738556
5,66.24,75.565887
5,67.62,75.391022
5,69,75.191132
5,70.38,74.945023
5,71.76,74.630142
5,73.14,74.18602
5,74.52,73.435394
5,75.9,72.052597
5,77.28,70.860992
5,78.66,69.874878
5,80.04,64.805878
5,81.42,59.013577
5,82.8,52.628319
5,84.18,45.140388
5,85.56,36.938801
5,86.94,26.161594
5,88.32,16.712786
5,89.7,5.658448
5,91.08,-5.276093
5,92.46,-5.083313
5,93.84,-4.968369
5,95.22,-9.277725
5,96.6,-12.253111
5,97.98,-14.830575
5,99.36,-16.944262
5,100.74,-19.688622
5,102.12,-22.529259
5,103.5,-25.189814
5,104.88,-27.100239
5,106.26,-29.23568
5,107.64,-32.434193
5,109.02,-35.24577
5,110.4,-37.387131
5,111.78,-36.492996
5,113.16,-34.981869
5,114.54,-34.409447
5,115.92,-35.808826
5,117.3,-37.88847
5,118.68,-39.195904
5,120.06,-39.639366
5,121.44,-40.262135
5,122.82,-42.095924
5,124.2,-44.637249
5,125.58,-49.794456
5,126.96,-48.934875
5,128.34,-48.168907
5,129.72,-47.397705
5,131.1,-46.607498
5,132.48,-45.823479
5,133.86,-45.124649
5,135.24,-44.570297
5,136.62,-44.15966
5,138,-43.840611
5,139.38,-43.55698
5,140.76,-43.284378
5,142.14,-43.024387
5,143.52,-42.818211
5,144.9,-42.725609
5,146.28,-42.75819
5,147.66,-42.880074
5,149.04,-43.0382
5,150.42,-43.194569
5,151.8,-43.326
5,153.18,-43.420708
5,154.56,-43.458981
5,155.94,-43.419712
5,157.32,-43.292336
5,158.7,-43.083115
5,160.08,-42.806473
5,161.46,-42.467758
5,162.84,-42.09222
5,164.22,-41.72332
5,165.6,-41.396214
5,166.98,-41.132439
5,168.36,-40.914845
5,169.74,-40.711624
5,171.12,-40.492279
5,172.5,-40.212193
5,173.88,-39.808361
5,175.26,-39.17342
5,176.64,-35.676949
5,178.02,-31.865875
5,179.4,-27.668154
5,180.78,-24.4263
5,182.16,-21.419975
5,183.54,-19.329762
5,184.92,-19.231884
5,186.3,-19.234001
5,187.68,-19.307217
5,189.06,-19.444035
5,190.44,-19.637798
5,191.82,-19.867393
5,193.2,-20.094189
5,194.58,-20.27726
5,195.96,-20.392338
5,197.34,-20.439362
5,198.72,-20.439854
5,200.1,-20.432873
5,201.48,-20.467152
5,202.86,-20.581936
5,204.24,-20.788788
5,205.62,-21.062099
5,207,-21.342072
5,208.38,-21.566246
5,209.76,-21.70327
5,211.14,-21.758362
5,212.52,-21.757706
5,213.9,-21.735359
5,215.28,-21.723282
5,216.66,-21.740833
5,218.04,-21.785934
5,219.42,-21.822552
5,220.8,-21.744667
5,222.18,-20.977264
5,223.56,-17.708206
5,224.94,-16.975178
5,226.32,-13.682938
5,227.7,-12.693272
5,229.08,-9.568825
5,230.46,-9.666458
5,231.84,-9.882378
5,233.22,-10.0989
5,234.6,-10.253288
5,235.98,-10.315926
5,237.36,-10.251404
5,238.74,-10.010475
5,240.12,-9.533875
5,241.5,-8.856873
5,242.88,-14.390298
5,244.26,-19.477583
5,245.64,-26.236042
5,247.02,-29.225687
5,248.4,-33.394985
5,249.78,-35.4174
5,251.16,-38.211422
5,252.54,-40.974087
5,253.92,-44.493179
5,255.3,-46.740044
5,256.68,-47.534756
5,258.06,-47.790569
5,259.44,-47.932846
5,260.82,-49.948635
5,262.2,-52.208172
5,263.58,-54.83997
5,264.96,-55.708664
5,266.34,-55.793346
5,267.72,-55.008968
5,269.1,-54.515007
5,270.48,-53.935772
5,271.86,-53.298874
5,273.24,-51.931217
5,274.62,-50.964314
5,276,-50.606159
5,277.38,-50.534142
5,278.76,-50.469379
5,280.14,-49.63644
5,281.52,-48.251392
5,282.9,-48.119286
5,284.28,-48.118828
5,285.66,-48.211151
5,287.04,-48.406628
5,288.42,-48.736008
5,289.8,-49.225014
5,291.18,-49.868347
5,292.56,-50.606342
5,293.94,-51.355881
5,295.32,-52.021973
5,296.7,-52.559029
5,298.08,-52.966194
5,299.46,-53.271286
5,300.84,-53.495148
5,302.22,-53.635666
5,303.6,-53.667343
5,304.98,-53.523636
5,306.36,-53.089687
5,307.74,-52.164387
5,309.12,-50.321613
5,310.5,-46.531036
5,311.88,-43.443367
5,313.26,-40.834576
5,314.64,-38.439556
5,316.02,-36.325558
5,317.4,-34.515766
5,318.78,-32.832821
5,320.16,-31.282349
5,321.54,-29.985111
5,322.92,-29.022121
5,324.3,-28.381264
5,325.68,-27.999763
5,327.06,-27.796307
5,328.44,-27.703609
5,329.82,-27.663601
5,331.2,-27.638802
5,332.58,-27.617275
5,333.96,-27.605694
5,335.34,-27.61916
5,336.72,-27.673851
5,338.1,-27.788937
5,339.48,-27.986839
5,340.86,-28.300285
5,342.24,-28.766815
5,343.62,-29.402927
5,345,-30.184601
5,346.38,-31.034092
5,347.76,-31.834969
5,349.14,-32.364323
5,350.52,-32.412231
5,351.9,-32.12878
5,353.28,-31.732769
5,354.66,-31.353703
5,356.04,-31.001476
5,357.42,-30.65731
5,358.8,-30.250755
5,360.18,-29.573635
5,361.56,-28.01601
5,362.94,-25.456829
5,364.32,-23.698116
5,365.7,-22.464424
5,367.08,-22.246975
5,368.46,-22.440552
5,369.84,-22.846233
5,371.22,-23.441662
5,372.6,-24.247326
5,373.98,-25.157658
5,375.36,-25.965992
5,376.74,-26.57058
5,378.12,-26.991196
5,379.5,-27.230026
5,380.88,-27.318348
5,382.26,-33.418503
5,383.64,-36.911972
5,385.02,-45.906563
5,386.4,-50.64003
5,387.78,-55.880257
5,389.16,-56.290863
5,390.54,-56.825893
5,391.92,-57.508339
5,393.3,-58.260437
5,394.68,-59.019108
5,396.06,-59.754982
5,397.44,-60.462605
5,398.82,-61.065548
5,400.2,-61.492493
5,401.58,-61.716816
5,402.96,-61.71302
5,404.34,-61.477161
5,405.72,-61.018246
5,407.1,-60.416645
5,408.48,-59.828934
5,409.86,-59.397675
5,411.24,-59.23637
5,412.62,-59.435722
5,414,-60.164791
5,415.38,-61.571014
5,416.76,-63.173203
5,418.14,-64.765373
5,419.52,-65.99752
5,420.9,-65.734467
5,422.28,-64.77475
5,423.66,-62.766411
5,425.04,-60.679241
5,426.42,-58.01804
5,427.8,-54.28511
5,429.18,-47.44593
5,430.56,-39.778721
5,431.94,-28.939846
5,433.32,-16.463186
5,434.7,-1.672945
5,436.08,9.388608
5,437.46,17.6542
5,438.84,26.789255
5,440.22,34.029884
5,441.6,33.891693
5,442.98,33.731171
5,444.36,40.104599
5,445.74,41.604534
5,447.12,42.353352
5,448.5,43.722744
5,449.88,45.323776
5,451.26,47.348434
5,452.64,50.75264
5,454.02,54.214218
5,455.4,58.065029
5,456.78,59.947674
5,458.16,61.561626
5,459.54,62.084541
5,460.92,61.842957
5,462.3,61.579487
5,463.68,61.376614
5,465.06,61.275948
5,466.44,61.30127
5,467.82,61.391575
5,469.2,61.523418
5,470.58,61.578449
5,471.96,61.605728
5,473.34,61.618206
5,474.72,61.620022
5,476.1,61.756756
5,477.48,62.532742
5,478.86,64.256378
5,480.24,66.673927
5,481.62,69.132355
5,483,71.606178
5,484.38,73.941544
5,485.76,75.448692
5,487.14,76.076683
5,488.52,76.309258
5,489.9,77.516663
5,491.28,78.234314
5,492.66,79.257484
5,494.04,79.40432
5,495.42,79.84127
5,496.8,79.909126
5,498.18,80.178574
5,499.56,80.404762
5,500.94,80.269455
5,502.32,79.967125
5,503.7,80.158844
5,505.08,81.081039
5,506.46,83.034187
5,507.84,85.593048
5,509.22,85.687759
5,510.6,85.644241
5,511.98,85.560516
5,513.36,85.46701
5,514.74,85.364822
5,516.12,85.235321
5,517.5,85.042816
5,518.88,80.60498
5,520.26,76.973106
5,521.64,72.829742
5,523.02,68.330948
5,524.4,63.356228
5,525.78,60.372971
5,527.16,53.536438
5,528.54,46.844017
5,529.92,41.729187
5,531.3,34.526558
5,532.68,24.797935
5,534.06,14.672924
5,535.44,4.827308
5,536.82,-5.880417
5,538.2,-10.053544
5,539.58,-15.056909
5,540.96,-25.441319
5,542.34,-25.370064
5,543.72,-25.326572
5,545.1,-25.299244
5,546.48,-25.258404
5,547.86,-25.17046
5,549.24,-25.021793
5,550.62,-24.841972
5,552,-24.661694
5,553.38,-24.480942
5,554.76,-24.272873
5,556.14,-24.003017
5,557.52,-20.272942
5,558.9,-14.66723
5,560.28,-8.505053
5,561.66,-3.274704
5,563.04,2.01486
5,564.42,9.725502
5,565.8,10.280487
5,567.18,10.689537
5,568.56,11.099922
5,569.94,11.520699
5,571.32,11.931755
5,572.7,12.340271
5,574.08,12.730019
5,575.46,13.078163
5,576.84,13.316406
5,578.22,13.294098
5,579.6,10.151057
5,580.98,7.952286
5,582.36,4.528358
5,583.74,0.404709
5,585.12,-1.744759
5,586.5,-6.325009
5,587.88,-8.056044
5,589.26,-9.135274
5,590.64,-9.651027
5,592.02,-9.703952
5,593.4,-9.278745
5,594.78,-8.587713
5,596.16,-6.818576
5,597.54,-0.286655
5,598.92,11.235263
5,600.3,26.16457
5,601.68,42.091072
5,603.06,57.318195
5,604.44,72.911499
5,605.82,72.574753
5,607.2,72.209656
5,608.58,71.879532
5,609.96,71.790619
5,611.34,72.459412
5,612.72,73.732849
5,614.1,75.850952
5,615.48,77.733002
5,616.86,82.457001
5,618.24,85.722198
5,619.62,88.306343
5,621,90.009171
5,622.38,91.072884
5,623.76,91.580147
5,625.14,92.417358
5,626.52,93.290146
5,627.9,94.999489
5,629.28,96.820511
5,630.66,98.761993
5,632.04,100.504028
5,633.42,102.131775
5,634.8,103.108109
5,636.18,103.708656
5,637.56,103.749664
5,638.94,103.831245
5,640.32,103.770767
5,641.7,103.944611
5,643.08,103.949921
5,644.46,103.783485
5,645.84,103.243462
5,647.22,102.610161
5,648.6,101.945015
5,649.98,100.786774
5,651.36,100.418839
5,652.74,101.383972
5,654.12,101.346092
5,655.5,100.899323
5,656.88,100.243446
5,658.26,96.884552
5,659.64,92.706085
5,661.02,87.490204
5,662.4,82.758995
5,663.78,78.937012
5,665.16,76.656181
5,666.54,75.957993
5,667.92,74.745277
5,669.3,70.815979
5,670.68,63.877834
5,672.06,54.64452
5,673.44,45.103649
5,674.82,36.920773
5,676.2,31.289286
5,677.58,28.512119
5,678.96,27.184696
5,680.34,25.85865
5,681.72,23.728201
5,683.1,21.947945
5,684.48,20.322298
5,685.86,19.212669
5,687.24,18.074718
5,688.62,15.673267
5,690,11.295673
5,691.38,5.059883
5,692.76,5.004608
5,694.14,5.005081
5,695.52,5.036552
5,696.9,5.080742
5,698.28,5.129944
5,699.66,-7.052458
5,701.04,-18.882603
5,702.42,-31.127869
5,703.8,-45.290524
5,705.18,-62.529213
5,706.56,-62.586311
5,707.94,-62.628487
5,709.32,-62.656403
5,710.7,-62.666187
5,712.08,-62.647213
5,713.46,-62.565689
5,714.84,-62.34874
5,716.22,-61.820206
5,717.6,-60.621796
5,718.98,-58.800213
5,720.36,-56.701454
5,721.74,-54.441238
5,723.12,-52.520096
5,724.5,-51.21244
5,725.88,-50.291111
5,727.26,-49.601746
5,728.64,-49.110233
5,730.02,-48.772583
5,731.4,-48.571953
5,732.78,-48.479797
5,734.16,-48.458435
5,735.54,-48.46315
5,736.92,-48.456169
5,738.3,-48.416313
5,739.68,-48.334198
5,741.06,-48.19949
5,742.44,-47.985382
5,743.82,-47.653252
5,745.2,-47.185493
5,746.58,-46.577667
5,747.96,-45.828934
5,749.34,-45.055336
5,750.72,-44.377071
5,752.1,-43.828869
5,753.48,-43.365139
5,754.86,-42.903816
5,756.24,-42.298309
5,757.62,-41.169926
5,759,-39.372112
5,760.38,-37.587097
5,761.76,-35.460102
5,763.14,-33.270447
5,764.52,-31.42215
5,765.9,-30.287319
5,767.28,-29.676739
5,768.66,-29.382019
5,770.04,-29.298588
5,771.42,-29.383396
5,772.8,-29.624538
5,774.18,-30.023216
5,775.56,-30.567627
5,776.94,-31.189003
5,778.32,-31.796753
5,779.7,-32.278748
5,781.08,-32.544952
5,782.46,-32.58453
5,783.84,-32.46397
5,785.22,-32.26342
5,786.6,-32.036884
5,787.98,-31.806107
5,789.36,-31.571381
5,790.74,-31.320553
5,792.12,-31.031315
5,793.5,-30.707962
5,794.88,-30.365845
5,796.26,-30.029793
5,797.64,-29.71286
5,799.02,-29.416168
5,800.4,-29.124115
5,801.78,-28.810982
5,803.16,-28.480373
5,804.54,-28.098602
5,805.92,-27.6259
5,807.3,-27.019611
5,808.68,-26.184334
5,810.06,-25.100121
5,811.44,-23.850483
5,812.82,-22.613426
5,814.2,-21.472988
5,815.58,-20.302341
5,816.96,-18.811485
5,818.34,-16.622662
5,819.72,-14.32402
5,821.1,-12.189919
5,822.48,-10.774597
5,823.86,-10.233681
5,825.24,-10.028786
5,826.62,-9.983536
5,828,-10.026886
5,829.38,-10.120766
5,830.76,-10.235085
5,832.14,-10.334137
5,833.52,-10.370239
5,834.9,-10.335327
5,836.28,-10.186234
5,837.66,-9.960197
5,839.04,-9.671547
5,840.42,-13.841943
5,841.8,-17.461437
5,843.18,-24.249855
5,844.56,-29.347795
5,845.94,-37.633194
5,847.32,-43.407436
5,848.7,-50.5439
5,850.08,-53.653759
5,851.46,-56.563461
5,852.84,-59.437119
5,854.22,-57.918911
5,855.6,-56.794968
5,856.98,-55.805161
5,858.36,-54.744499
5,859.74,-52.606606
5,861.12,-51.135162
5,862.5,-49.311821
5,863.88,-47.973389
5,865.26,-45.8759
5,866.64,-44.198772
5,868.02,-41.867958
5,869.4,-41.346958
5,870.78,-40.943169
5,872.16,-40.609257
5,873.54,-40.233299
5,874.92,-39.702168
5,876.3,-38.946915
5,877.68,-38.004551
5,879.06,-37.017185
5,880.44,-36.115841
5,881.82,-35.368031
5,883.2,-34.739853
5,884.58,-34.167339
5,885.96,-33.559071
5,887.34,-32.786995
5,888.72,-31.625885
5,890.1,-29.977928
5,891.48,-27.805569
5,892.86,-24.857113
5,894.24,-22.312393
5,895.62,-20.27417
5,897,-18.822876
5,898.38,-17.998322
5,899.76,-17.70982
5,901.14,-17.796291
5,902.52,-18.091782
5,903.9,-18.512348
5,905.28,-19.05064
5,906.66,-20.3652
5,908.04,-21.386467
5,909.42,-22.533394
5,910.8,-24.003378
5,912.18,-25.782669
5,913.56,-27.765005
5,914.94,-29.830719
5,916.32,-31.861446
5,917.7,-33.771523
5,919.08,-35.97303
5,920.46,-36.340496
5,921.84,-36.603088
5,923.22,-36.797562
5,924.6,-36.948341
5,925.98,-37.072166
5,927.36,-37.175415
5,928.74,-37.260399
5,930.12,-37.334839
5,931.5,-37.398438
5,932.88,-37.474472
5,934.26,-37.586937
5,935.64,-37.737598
5,937.02,-37.890011
5,938.4,-38.027206
5,939.78,-38.154213
5,941.16,-38.266384
5,942.54,-38.353329
5,943.92,-38.363808
5,945.3,-38.075905
5,946.68,-36.559978
5,948.06,-32.191936
5,949.44,-29.779839
5,950.82,-29.586349
5,952.2,-30.252518
5,953.58,-31.329285
5,954.96,-32.496384
5,956.34,-33.439793
5,957.72,-34.064056
5,959.1,-34.461407
5,960.48,-34.723225
5,961.86,-34.906563
5,963.24,-35.053684
5,964.62,-35.205219
5,966,-35.39957
5,967.38,-35.657288
5,968.76,-35.962639
5,970.14,-36.289619
5,971.52,-36.604565
5,972.9,-36.875542
5,974.28,-37.092228
5,975.66,-37.264599
5,977.04,-37.405155
5,978.42,-37.514702
5,979.8,-37.58519
5,981.18,-37.595886
5,982.56,-37.508762
5,983.94,-37.266575
5,985.32,-36.785404
5,986.7,-35.958733
5,988.08,-34.765606
5,989.46,-33.363434
5,990.84,-32.021107
5,992.22,-30.895515
5,993.6,-30.099285
5,994.98,-29.589226
5,996.36,-29.302811
5,997.74,-29.177536
5,999.12,-33.280273
5,1000.5,-37.694595
5,1001.88,-39.571579
5,1003.26,-49.136147
5,1004.64,-53.291916
5,1006.02,-59.180206
5,1007.4,-60.390762
5,1008.78,-56.01358
5,1010.16,-52.99086
5,1011.54,-48.823154
5,1012.92,-44.98558
5,1014.3,-39.30283
5,1015.68,-35.2024
5,1017.06,-31.263105
5,1018.44,-30.907877
5,1019.82,-31.209639
5,1021.2,-31.848442
5,1022.58,-31.728146
5,1023.96,-31.301094
5,1025.34,-30.327532
5,1026.72,-27.888918
5,1028.1,-23.176189
5,1029.48,-18.018454
5,1030.86,-14.445507
5,1032.24,-10.186766
5,1033.62,-5.74031
5,1035,0.205869
5,1036.38,5.773713
5,1037.76,14.371789
5,1039.14,23.218821
5,1040.52,29.861942
5,1041.9,32.350765
5,1043.28,33.222668
5,1044.66,34.113781
5,1046.04,36.016159
5,1047.42,38.655598
5,1048.8,43.771168
5,1050.18,49.044083
5,1051.56,54.56781
5,1052.94,59.021187
5,1054.32,63.675068
5,1055.7,68.351631
5,1057.08,73.151413
5,1058.46,76.96357
5,1059.84,81.445435
5,1061.22,84.336281
5,1062.6,88.427521
5,1063.98,91.134575
5,1065.36,94.571869
5,1066.74,95.19957
5,1068.12,95.543274
5,1069.5,95.695816
5,1070.88,95.650452
5,1072.26,95.288696
5,1073.64,89.671425
5,1075.02,86.380539
5,1076.4,82.14843
5,1077.78,78.125801
5,1079.16,73.620262
5,1080.54,70.508575
5,1081.92,67.419937
5,1083.3,64.50708
5,1084.68,61.875275
5,1086.06,62.582047
5,1087.44,63.27269
5,1088.82,63.937836
5,1090.2,64.553421
5,1091.58,65.12236
5,1092.96,65.713364
5,1094.34,66.461304
5,1095.72,67.789719
5,1097.1,69.825699
5,1098.48,71.551971
5,1099.86,73.050385
5,1101.24,74.08847
5,1102.62,74.778442
5,1104,75.254776
5,1105.38,75.641785
5,1106.76,76.001602
5,1108.14,76.383224
5,1109.52,76.784225
5,1110.9,77.140167
5,1112.28,77.276031
5,1113.66,76.701492
5,1115.04,74.70517
5,1116.42,72.767227
5,1117.8,70.366119
5,1119.18,69.02182
5,1120.56,68.576828
5,1121.94,68.373657
5,1123.32,68.217743
5,1124.7,68.011902
5,1126.08,67.692749
5,1127.46,60.53315
5,1128.84,52.996529
5,1130.22,46.180672
5,1131.6,37.615208
5,1132.98,29.70459
5,1134.36,24.39097
5,1135.74,18.409731
5,1137.12,11.089462
5,1138.5,9.993164
5,1139.88,8.485992
5,1141.26,7.104752
5,1142.64,5.931259
5,1144.02,5.059021
5,1145.4,4.537476
5,1146.78,4.257202
5,1148.16,4.114685
5,1149.54,4.046745
5,1150.92,4.022789
5,1152.3,4.030968
5,1153.68,4.063744
5,1155.06,4.101784
5,1156.44,9.929795
5,1157.82,11.900992
5,1159.2,10.900373
5,1160.58,7.921957
5,1161.96,3.244002
5,1163.34,-1.089277
5,1164.72,-5.989243
5,1166.1,-9.780662
5,1167.48,-13.700169
